,date,tavg,tmin,tmax,prcp,pres
2,20120103,21.2,12.9,28.0,0.0,1027.0
3,20120104,33.3,26.1,41.0,0.0,1016.3
4,20120105,38.5,25.0,50.0,0.0,1012.5
5,20120106,47.5,42.1,55.9,0.0,1006.5
6,20120107,37.8,27.0,45.0,0.0,1017.3
7,20120108,32.0,23.0,42.1,0.0,1027.2
8,20120109,36.7,24.1,46.9,0.0,1019.4
9,20120110,38.7,26.1,52.0,0.0,1014.8
10,20120111,37.9,27.0,53.1,0.0,1004.2
14,20120115,24.3,12.0,33.1,0.0,1025.3
17,20120118,19.8,10.9,27.0,0.0,1021.9
23,20120124,31.8,26.1,37.0,0.0,1022.2
24,20120125,30.0,23.0,37.0,0.0,1025.4
29,20120130,38.7,21.0,53.1,0.0,1015.4
31,20120201,39.6,30.9,48.0,0.0,1019.0
32,20120202,36.0,30.0,43.0,0.0,1026.2
33,20120203,36.3,33.1,39.0,0.0,1031.5
34,20120204,37.0,30.0,39.9,0.0,1025.8
36,20120206,31.8,28.9,35.1,0.0,1022.4
41,20120211,15.1,10.0,19.9,0.0,1028.3
42,20120212,25.2,16.0,36.0,0.0,1026.7
47,20120217,38.3,25.0,48.9,0.0,1019.3
49,20120219,28.9,21.9,37.0,0.0,1023.7
50,20120220,32.7,19.9,44.1,0.0,1022.9
55,20120225,24.4,19.9,28.0,0.0,1022.2
56,20120226,35.4,16.0,52.0,0.0,1021.0
57,20120227,33.6,26.1,41.0,0.0,1026.7
64,20120305,29.5,19.0,37.9,0.0,1025.4
65,20120306,51.8,32.0,69.1,0.0,1016.6
66,20120307,62.1,55.9,68.0,0.0,1012.2
68,20120309,34.3,28.9,39.0,0.0,1031.5
69,20120310,44.4,28.0,61.0,0.0,1027.8
72,20120313,58.5,48.9,71.1,0.0,1017.2
73,20120314,65.5,44.1,82.0,0.0,1015.2
75,20120316,58.5,45.0,80.1,0.0,1017.4
76,20120317,70.2,57.9,81.0,0.0,1017.0
77,20120318,70.9,61.0,82.0,0.0,1015.8
79,20120320,75.9,66.9,84.9,0.0,1014.9
80,20120321,74.1,64.9,84.9,0.0,1017.5
81,20120322,69.1,57.0,82.9,0.291,1017.8
84,20120325,55.8,46.0,68.0,0.0,1017.4
86,20120327,56.3,41.0,73.9,0.0,1017.2
87,20120328,60.1,46.9,66.9,0.0,1011.9
88,20120329,42.6,39.0,46.0,0.0,1019.9
92,20120402,52.7,46.0,57.9,0.0,1012.7
93,20120403,54.1,46.9,64.9,0.0,1012.6
94,20120404,49.6,46.0,55.9,0.0,1015.4
95,20120405,43.3,39.9,46.9,0.0,1018.7
96,20120406,43.0,33.1,51.1,0.0,1025.5
100,20120410,39.6,34.0,44.1,0.0,1019.3
101,20120411,41.4,30.9,51.1,0.0,1024.9
102,20120412,47.7,33.1,62.1,0.0,1024.0
103,20120413,54.1,39.0,66.0,0.0,1021.0
107,20120417,46.6,39.0,53.1,0.0,1027.3
112,20120422,46.4,42.1,52.0,0.0,1018.7
113,20120423,47.1,36.0,57.0,0.0,1015.7
114,20120424,50.9,34.0,63.0,0.0,1007.9
116,20120426,47.7,39.0,54.0,0.0,1013.2
117,20120427,43.5,36.0,50.0,0.0,1024.2
123,20120503,76.8,66.0,86.0,0.0,1011.5
130,20120510,55.0,43.0,64.0,0.0,1016.3
131,20120511,64.2,44.1,79.0,0.0,1018.9
133,20120513,59.9,51.1,69.1,0.0,1023.3
134,20120514,63.3,44.1,80.1,0.0,1018.5
136,20120516,56.3,50.0,62.1,0.0,1019.1
137,20120517,58.1,44.1,69.1,0.0,1020.6
138,20120518,66.0,48.9,82.0,0.0,1017.3
139,20120519,72.9,55.9,90.0,0.0,1016.4
142,20120522,56.8,45.0,66.0,0.0,1017.8
143,20120523,64.0,45.0,81.0,0.0,1011.3
144,20120524,77.5,64.0,89.1,0.0,1005.6
147,20120527,80.8,66.0,93.9,0.0,1013.1
148,20120528,84.2,75.9,91.9,0.0,1007.5
149,20120529,73.9,64.9,82.9,0.0,1009.2
150,20120530,58.6,51.1,64.0,0.0,1013.2
153,20120602,63.7,46.9,73.9,0.0,1007.4
154,20120603,69.8,57.0,79.0,0.0,1009.6
156,20120605,60.6,55.9,66.0,0.0,1016.6
157,20120606,62.2,51.1,73.0,0.0,1018.9
158,20120607,66.4,51.1,79.0,0.0,1019.9
159,20120608,73.0,53.1,84.9,0.0,1016.4
160,20120609,78.4,66.9,88.0,0.0,1012.6
161,20120610,80.1,66.0,90.0,0.0,1012.9
162,20120611,79.7,71.1,88.0,0.0,1010.2
163,20120612,68.4,59.0,75.9,0.0,1016.5
164,20120613,61.7,53.1,68.0,0.0,1022.1
165,20120614,68.9,53.1,82.0,0.0,1019.3
166,20120615,76.6,59.0,90.0,0.0,1017.8
169,20120618,82.2,66.9,93.0,0.0,1006.5
170,20120619,85.3,77.0,91.9,0.0,1012.2
171,20120620,85.3,78.1,91.9,0.0,1013.9
173,20120622,73.2,62.1,82.0,0.0,1015.4
174,20120623,73.0,62.1,82.0,0.0,1016.3
175,20120624,75.7,64.0,89.1,0.0,1015.0
176,20120625,66.2,59.0,71.1,0.0,1018.7
177,20120626,67.6,55.0,78.1,0.0,1017.1
178,20120627,77.4,57.9,91.9,0.0,1012.0
181,20120630,80.8,70.0,91.0,0.031,1010.0
182,20120701,81.0,73.0,90.0,0.0,1013.3
183,20120702,84.9,71.1,97.0,0.0,1014.0
184,20120703,87.4,78.1,96.1,0.0,1011.3
185,20120704,91.4,81.0,102.0,0.0,1010.7
187,20120706,91.8,81.0,100.9,0.0,1013.4
188,20120707,80.8,73.0,93.0,0.0,1015.1
189,20120708,76.8,70.0,84.0,0.0,1018.2
190,20120709,75.7,64.9,86.0,0.0,1017.7
191,20120710,74.5,66.9,81.0,0.0,1019.8
192,20120711,74.1,62.1,84.0,0.0,1020.3
193,20120712,78.4,66.0,89.1,0.0,1018.8
196,20120715,82.0,71.1,93.9,0.0,1016.6
197,20120716,86.0,73.0,97.0,0.0,1013.8
198,20120717,89.4,79.0,99.0,0.0,1010.2
202,20120721,77.5,64.9,87.1,0.0,1018.4
209,20120728,73.8,66.0,79.0,0.0,1019.2
211,20120730,82.4,73.0,91.0,0.059,1013.4
213,20120801,77.7,66.9,89.1,0.0,1013.7
214,20120802,79.7,71.1,91.9,0.0,1011.3
215,20120803,79.9,70.0,91.0,0.0,1011.8
217,20120805,75.4,68.0,84.0,0.0,1017.0
218,20120806,74.1,61.0,86.0,0.0,1019.5
219,20120807,79.0,62.1,91.9,0.0,1014.1
223,20120811,66.4,55.0,75.9,0.0,1015.4
227,20120815,74.5,64.0,86.0,0.0,1013.1
229,20120817,65.8,57.9,75.9,0.0,1015.6
230,20120818,65.3,53.1,75.0,0.0,1016.1
231,20120819,68.5,60.1,78.1,0.0,1014.3
233,20120821,66.6,54.0,77.0,0.0,1018.5
234,20120822,70.0,54.0,84.0,0.0,1018.9
236,20120824,80.2,68.0,93.9,0.0,1016.1
237,20120825,80.2,66.0,91.9,0.0,1016.5
240,20120828,71.6,62.1,82.0,0.0,1019.4
241,20120829,73.2,64.0,82.0,0.0,1018.3
243,20120831,80.6,71.1,93.0,0.0,1016.7
245,20120902,74.8,72.0,79.0,0.0,1013.7
249,20120906,75.2,66.9,84.9,0.0,1012.5
251,20120908,62.8,54.0,73.0,0.213,1011.5
252,20120909,61.2,54.0,70.0,0.11,1017.1
253,20120910,63.5,51.1,75.9,0.0,1021.8
254,20120911,69.8,53.1,84.0,0.0,1019.5
255,20120912,75.2,63.0,87.1,0.0,1019.9
257,20120914,61.9,50.0,75.0,0.012,1026.8
258,20120915,63.7,50.0,79.0,0.0,1024.2
259,20120916,64.0,50.0,77.0,0.0,1018.3
262,20120919,57.6,39.0,73.0,0.0,1015.0
263,20120920,62.4,50.0,71.1,0.0,1012.1
266,20120923,49.5,39.9,60.1,0.0,1024.0
267,20120924,54.0,34.0,70.0,0.0,1019.0
268,20120925,64.9,50.0,77.0,0.0,1011.3
269,20120926,59.0,54.0,66.0,0.0,1017.0
270,20120927,54.7,44.1,64.0,0.0,1022.7
271,20120928,57.0,50.0,64.9,0.0,1021.5
272,20120929,58.8,45.0,79.0,0.0,1018.2
273,20120930,55.4,48.9,64.0,0.012,1015.6
274,20121001,55.4,46.0,66.0,0.0,1012.8
275,20121002,59.5,50.0,66.9,0.0,1011.9
278,20121005,46.9,42.1,51.1,0.0,1019.9
279,20121006,42.8,35.1,50.0,0.0,1020.8
280,20121007,43.9,35.1,50.0,0.0,1021.8
281,20121008,46.9,30.9,59.0,0.0,1019.5
282,20121009,54.3,42.1,66.0,0.201,1012.9
283,20121010,43.0,36.0,50.0,0.012,1018.6
288,20121015,49.1,41.0,59.0,0.0,1012.7
289,20121016,54.7,39.0,69.1,0.012,1008.6
293,20121020,48.6,39.9,57.0,0.0,1009.1
294,20121021,50.5,37.0,66.9,0.012,1016.2
297,20121024,69.3,59.0,78.1,0.0,1012.5
299,20121026,42.6,35.1,50.0,0.0,1025.1
300,20121027,39.4,32.0,46.9,0.0,1026.8
301,20121028,42.1,37.0,48.0,0.0,1026.1
302,20121029,42.1,35.1,50.0,0.0,1024.4
303,20121030,42.1,39.0,46.9,0.0,1012.2
304,20121031,40.6,33.1,48.9,0.0,1010.5
305,20121101,43.0,34.0,52.0,0.0,1011.8
308,20121104,36.9,30.0,48.0,0.0,1024.0
317,20121113,30.7,23.0,39.9,0.0,1032.1
318,20121114,34.9,27.0,45.0,0.0,1032.5
319,20121115,36.1,27.0,46.9,0.0,1029.1
321,20121117,38.7,25.0,54.0,0.0,1033.7
322,20121118,41.4,28.9,55.9,0.0,1030.2
325,20121121,43.9,33.1,54.0,0.012,1022.3
327,20121123,32.7,28.0,42.1,0.0,1017.8
329,20121125,34.9,30.0,42.1,0.0,1014.1
330,20121126,29.8,23.0,35.1,0.0,1024.9
331,20121127,25.7,16.0,33.1,0.0,1028.3
332,20121128,34.3,27.0,44.1,0.0,1027.2
333,20121129,41.4,32.0,50.0,0.0,1022.7
334,20121130,43.0,36.0,48.9,0.0,1020.1
339,20121205,32.7,26.1,39.0,0.0,1029.0
340,20121206,39.4,32.0,46.0,0.0,1018.3
344,20121210,32.7,28.9,37.0,0.0,1010.0
345,20121211,30.4,25.0,34.0,0.0,1017.3
346,20121212,35.4,25.0,45.0,0.0,1024.7
347,20121213,39.9,32.0,48.9,0.0,1023.0
348,20121214,37.9,27.0,50.0,0.0,1021.4
351,20121217,36.1,28.9,39.0,0.0,1006.8
356,20121222,23.2,16.0,32.0,0.0,1021.1
357,20121223,27.0,19.9,33.1,0.0,1016.3
364,20121230,24.1,14.0,33.1,0.0,1025.0
366,20130101,16.7,10.9,24.1,0.0,1023.1
367,20130102,19.9,10.9,30.0,0.0,1022.1
369,20130104,24.6,14.0,36.0,0.0,1023.2
371,20130106,29.5,21.0,36.0,0.0,1019.9
372,20130107,28.9,18.0,41.0,0.0,1024.1
373,20130108,34.3,26.1,43.0,0.0,1020.2
380,20130115,21.7,12.0,30.9,0.091,1028.4
381,20130116,27.0,14.0,36.0,0.0,1015.8
382,20130117,26.2,21.0,34.0,0.0,1026.4
383,20130118,31.6,16.0,43.0,0.0,1022.9
384,20130119,41.4,28.9,46.9,0.0,1010.4
385,20130120,16.7,12.0,26.1,0.0,1023.7
387,20130122,4.8,-2.9,10.9,0.0,1028.6
391,20130126,20.5,10.9,27.0,0.063,1028.2
402,20130206,27.7,10.9,36.0,0.319,1022.6
405,20130209,26.4,21.0,33.1,0.335,1026.7
408,20130212,25.7,21.9,28.0,0.0,1017.9
409,20130213,31.8,19.9,44.1,0.0,1009.5
413,20130217,19.8,9.0,28.9,0.0,1022.3
416,20130220,15.8,8.1,24.1,0.0,1027.5
417,20130221,25.3,18.0,28.9,0.0,1026.1
419,20130223,26.6,24.1,28.9,0.012,1014.1
420,20130224,27.9,18.0,37.9,0.012,1019.3
421,20130225,31.1,19.9,42.1,0.0,1020.7
427,20130303,21.9,12.9,32.0,0.0,1021.0
428,20130304,25.3,15.1,33.1,0.0,1019.8
431,20130307,31.6,27.0,39.0,0.161,1029.5
438,20130314,29.3,21.9,36.0,0.0,1025.1
445,20130321,22.6,12.9,33.1,0.0,1018.0
446,20130322,28.2,18.0,39.0,0.0,1018.4
447,20130323,31.5,24.1,39.0,0.0,1019.6
450,20130326,35.1,28.9,42.1,0.0,1022.3
451,20130327,37.0,28.9,42.1,0.0,1026.4
454,20130330,45.0,28.0,59.0,0.0,1018.9
456,20130401,34.2,28.0,39.0,0.0,1019.1
457,20130402,33.8,25.0,44.1,0.0,1024.9
458,20130403,32.9,24.1,41.0,0.0,1029.9
459,20130404,43.5,27.0,57.0,0.0,1020.9
468,20130413,38.8,34.0,44.1,0.0,1013.2
486,20130501,73.2,64.0,82.9,0.0,1018.2
487,20130502,48.0,43.0,61.0,0.083,1022.9
489,20130504,55.8,46.9,66.0,0.0,1016.2
490,20130505,56.1,46.9,64.9,0.0,1017.2
491,20130506,57.2,51.1,66.9,0.0,1017.1
499,20130514,68.9,48.9,88.0,0.0,1008.7
500,20130515,74.1,61.0,80.1,0.0,1007.7
501,20130516,65.5,54.0,81.0,0.0,1013.0
503,20130518,66.0,54.0,77.0,0.0,1016.7
504,20130519,71.6,57.9,84.9,0.0,1012.2
506,20130521,72.9,64.9,82.0,0.551,1005.4
509,20130524,47.7,39.9,54.0,0.0,1029.2
510,20130525,49.5,42.1,57.0,0.0,1028.7
519,20130603,55.2,42.1,66.9,0.0,1019.0
520,20130604,58.6,48.0,69.1,0.0,1020.8
523,20130607,58.6,52.0,66.0,0.0,1014.0
524,20130608,60.6,46.9,73.0,0.0,1015.2
525,20130609,67.8,53.1,80.1,0.0,1013.5
527,20130611,72.9,60.1,82.9,0.0,1011.7
530,20130614,63.3,57.0,73.9,0.0,1018.9
532,20130616,77.5,70.0,86.0,0.0,1011.9
533,20130617,73.9,61.0,89.1,0.0,1012.7
534,20130618,60.6,55.9,66.9,0.0,1016.9
535,20130619,63.7,50.0,73.0,0.0,1020.2
540,20130624,75.4,69.1,86.0,0.26,1015.0
543,20130627,76.6,66.0,90.0,0.118,1007.3
544,20130628,74.3,68.0,82.0,0.0,1004.0
546,20130630,68.4,62.1,73.9,0.0,1012.4
547,20130701,67.6,59.0,73.9,0.0,1017.6
550,20130704,71.8,57.0,82.0,0.0,1018.4
551,20130705,75.0,62.1,84.0,0.0,1017.9
552,20130706,75.9,64.9,82.0,0.0,1017.0
553,20130707,79.9,72.0,88.0,0.0,1015.3
556,20130710,79.2,68.0,84.0,0.0,1012.4
557,20130711,71.2,62.1,80.1,0.0,1018.7
559,20130713,73.0,60.1,82.0,0.0,1020.8
560,20130714,78.3,69.1,87.1,0.0,1022.5
562,20130716,84.4,75.0,93.0,0.0,1025.0
563,20130717,86.9,78.1,95.0,0.0,1024.3
564,20130718,87.3,80.1,96.1,0.0,1018.5
569,20130723,71.6,64.0,79.0,0.039,1010.0
570,20130724,65.8,60.1,70.0,0.0,1017.5
571,20130725,69.4,57.0,80.1,0.0,1018.5
573,20130727,61.5,59.0,64.0,0.012,1012.8
574,20130728,61.5,55.9,69.1,0.0,1013.9
575,20130729,65.5,57.9,73.0,0.0,1020.0
578,20130801,70.7,60.1,80.1,0.012,1015.0
581,20130804,66.7,59.0,73.0,0.0,1021.7
584,20130807,77.4,68.0,87.1,0.02,1010.6
585,20130808,70.2,63.0,77.0,0.0,1016.1
586,20130809,73.4,61.0,82.9,0.012,1016.1
589,20130812,74.1,69.1,82.0,0.402,1014.6
591,20130814,63.0,54.0,72.0,0.0,1022.5
592,20130815,65.7,55.9,75.0,0.0,1021.1
593,20130816,68.9,55.0,81.0,0.0,1021.5
594,20130817,69.4,57.9,80.1,0.0,1023.4
595,20130818,70.5,60.1,80.1,0.0,1021.8
596,20130819,73.4,60.1,84.0,0.0,1019.1
597,20130820,76.8,64.9,87.1,0.0,1018.6
598,20130821,80.4,68.0,91.0,0.0,1017.4
600,20130823,70.7,61.0,81.0,0.0,1021.4
601,20130824,72.9,59.0,86.0,0.0,1023.7
602,20130825,78.8,66.0,90.0,0.0,1022.8
603,20130826,81.9,72.0,93.0,0.0,1018.8
604,20130827,86.4,78.1,96.1,0.0,1013.3
609,20130901,74.7,66.0,86.0,0.169,1008.5
610,20130902,69.1,63.0,77.0,0.0,1013.0
611,20130903,65.8,55.0,75.9,0.0,1017.6
612,20130904,70.3,55.9,82.9,0.0,1019.3
613,20130905,68.4,60.1,72.0,0.0,1023.4
614,20130906,71.1,55.9,84.9,0.0,1021.1
617,20130909,81.7,69.1,95.0,0.0,1012.2
618,20130910,87.6,78.1,96.1,0.0,1014.2
621,20130913,59.2,51.1,66.0,0.0,1021.2
622,20130914,59.9,45.0,73.0,0.0,1020.5
625,20130917,59.9,48.0,70.0,0.0,1025.4
629,20130921,59.0,52.0,66.0,0.0,1012.0
630,20130922,55.9,46.9,64.9,0.0,1017.0
631,20130923,56.5,48.0,64.9,0.0,1019.2
632,20130924,58.8,48.9,69.1,0.0,1017.0
633,20130925,59.5,50.0,69.1,0.0,1015.1
634,20130926,61.2,48.9,73.9,0.012,1018.1
635,20130927,64.9,50.0,80.1,0.0,1020.3
636,20130928,70.0,54.0,84.0,0.0,1016.1
638,20130930,59.9,46.9,73.9,0.0,1014.7
639,20131001,70.2,63.0,80.1,0.0,1013.3
646,20131008,59.7,46.0,75.9,0.0,1021.1
647,20131009,59.0,48.0,71.1,0.0,1023.0
648,20131010,59.5,46.9,73.0,0.0,1020.6
649,20131011,62.8,51.1,75.9,0.0,1017.4
651,20131013,53.1,44.1,64.9,0.012,1027.4
652,20131014,53.1,43.0,61.0,0.0,1027.5
654,20131016,51.6,48.0,54.0,0.0,1012.2
660,20131022,38.1,30.9,44.1,0.0,1015.1
661,20131023,38.5,32.0,45.0,0.0,1015.5
663,20131025,41.9,30.9,52.0,0.0,1025.8
664,20131026,47.5,37.0,54.0,0.0,1014.4
665,20131027,43.5,28.9,55.0,0.0,1017.3
666,20131028,45.3,36.0,52.0,0.0,1024.7
672,20131103,43.3,30.2,52.0,0.0,1024.9
673,20131104,51.3,44.1,57.0,0.012,1023.0
676,20131107,37.8,32.0,44.1,0.0,1023.6
677,20131108,40.5,27.0,48.0,0.0,1023.5
678,20131109,51.1,44.1,57.9,0.0,1013.4
679,20131110,43.7,36.0,50.0,0.0,1024.7
681,20131112,27.3,21.9,34.0,0.071,1038.0
682,20131113,31.8,21.9,42.1,0.0,1030.3
687,20131118,37.9,28.9,43.0,0.0,1015.8
688,20131119,32.4,25.0,39.9,0.0,1027.6
692,20131123,22.1,15.1,27.0,0.0,1035.8
693,20131124,19.4,12.0,26.1,0.0,1037.2
696,20131127,20.7,12.9,28.9,0.0,1023.9
697,20131128,26.4,19.9,33.1,0.0,1026.3
698,20131129,26.6,16.0,35.1,0.0,1035.2
699,20131130,38.7,30.0,50.0,0.0,1023.0
704,20131205,28.0,21.0,41.0,0.0,1016.4
705,20131206,17.6,12.0,21.0,0.0,1029.5
706,20131207,13.1,7.0,19.9,0.0,1038.2
711,20131212,10.2,-0.9,19.0,0.0,1029.6
727,20131228,41.2,33.1,48.9,0.0,1015.9
736,20140106,-10.8,-15.0,-2.0,0.0,1023.3
737,20140107,-4.4,-11.0,3.0,0.0,1026.7
738,20140108,3.4,-7.1,16.0,0.0,1031.1
741,20140111,35.4,32.0,41.0,0.114,1000.6
742,20140112,34.5,28.0,43.0,0.0,1007.6
743,20140113,38.3,28.0,44.1,0.0,1003.3
749,20140119,24.8,10.9,37.9,0.051,1005.9
757,20140127,-1.5,-7.1,8.1,0.0,1024.1
758,20140128,-3.3,-11.0,3.0,0.0,1029.6
759,20140129,12.2,1.0,21.9,0.0,1022.1
763,20140202,15.1,1.9,19.9,0.0,1024.8
764,20140203,10.8,-0.9,23.0,0.185,1029.1
768,20140207,5.0,-2.9,12.0,0.0,1029.3
770,20140209,13.6,7.0,19.0,0.0,1022.7
771,20140210,4.6,-2.9,12.0,0.0,1030.3
772,20140211,4.6,-4.0,15.1,0.0,1033.0
773,20140212,13.8,-2.0,24.1,0.0,1023.9
775,20140214,17.4,12.0,23.0,0.0,1008.5
779,20140218,34.3,16.0,46.9,0.343,1009.3
784,20140223,20.1,15.1,27.0,0.0,1022.4
785,20140224,17.4,10.9,23.0,0.0,1024.8
786,20140225,15.3,6.1,21.0,0.0,1023.6
789,20140228,14.9,-0.9,27.0,0.0,1020.8
795,20140306,21.2,16.0,28.9,0.0,1026.6
799,20140310,45.9,39.0,54.0,0.0,1006.1
806,20140317,28.0,18.0,39.0,0.0,1015.1
807,20140318,38.8,28.0,50.0,0.0,1010.3
811,20140322,37.2,30.0,42.1,0.0,1020.3
812,20140323,25.2,19.9,30.9,0.0,1030.0
813,20140324,27.1,19.0,36.0,0.0,1025.8
815,20140326,28.0,16.0,39.0,0.0,1023.9
818,20140329,35.1,30.9,39.9,0.0,1023.9
819,20140330,40.6,23.0,57.0,0.0,1022.2
825,20140405,40.1,30.9,50.0,0.0,1021.1
826,20140406,44.2,28.9,57.0,0.0,1019.1
827,20140407,44.8,33.1,53.1,0.0,1008.3
829,20140409,50.2,33.1,62.1,0.0,1014.5
830,20140410,56.8,43.0,64.9,0.0,1008.6
831,20140411,54.1,34.0,69.1,0.0,1015.8
832,20140412,62.4,42.1,79.0,0.039,1011.1
836,20140416,40.6,28.0,52.0,0.0,1024.0
837,20140417,51.4,43.0,61.0,0.0,1022.3
838,20140418,43.3,37.0,48.0,0.0,1027.6
839,20140419,47.3,37.0,62.1,0.0,1027.6
840,20140420,60.8,42.1,78.1,0.0,1021.2
842,20140422,49.1,39.0,60.1,0.0,1014.7
846,20140426,45.7,39.0,59.0,0.0,1015.6
854,20140504,51.8,45.0,59.0,0.0,1016.7
856,20140506,50.4,42.1,57.9,0.0,1015.6
860,20140510,62.1,46.0,75.9,0.0,1013.2
864,20140514,52.0,45.0,55.0,0.087,1020.5
867,20140517,51.1,41.0,60.1,0.0,1020.2
868,20140518,58.6,43.0,70.0,0.0,1022.8
874,20140524,59.5,48.0,71.1,0.0,1022.9
875,20140525,66.4,48.9,82.0,0.0,1019.6
876,20140526,73.4,61.0,87.1,0.142,1015.7
880,20140530,64.2,52.0,75.9,0.0,1021.6
881,20140531,70.2,54.0,84.9,0.0,1020.8
884,20140603,74.3,66.9,82.0,0.0,1012.3
886,20140605,63.0,50.0,73.9,0.0,1015.0
887,20140606,66.9,50.0,80.1,0.0,1015.6
889,20140608,63.3,55.0,71.1,0.291,1015.4
890,20140609,61.3,54.0,71.1,0.0,1015.8
894,20140613,63.7,55.9,73.0,0.0,1014.7
895,20140614,66.7,52.0,79.0,0.0,1017.6
896,20140615,74.5,61.0,84.0,0.0,1012.6
897,20140616,79.2,69.1,89.1,0.0,1015.5
907,20140626,63.5,59.0,73.0,0.0,1018.3
912,20140701,74.3,68.0,81.0,0.15,1006.0
915,20140704,68.0,59.0,75.9,0.0,1025.3
916,20140705,70.0,60.1,78.1,0.0,1022.4
917,20140706,76.3,66.0,87.1,0.0,1011.6
920,20140709,70.9,63.0,79.0,0.0,1013.6
921,20140710,68.5,59.0,75.9,0.0,1020.8
927,20140716,63.9,57.0,70.0,0.0,1016.6
928,20140717,66.4,54.0,75.9,0.0,1019.2
929,20140718,69.8,59.0,80.1,0.0,1020.6
930,20140719,70.3,59.0,79.0,0.0,1018.3
931,20140720,73.0,61.0,82.9,0.0,1017.3
932,20140721,76.5,63.0,87.1,0.0,1018.1
935,20140724,65.1,55.9,73.0,0.0,1020.7
937,20140726,76.3,69.1,84.0,0.0,1010.4
939,20140728,64.8,59.0,71.1,0.0,1017.3
940,20140729,70.3,59.0,81.0,0.138,1016.8
941,20140730,67.5,60.1,77.0,0.0,1016.8
942,20140731,72.7,60.1,84.0,0.031,1016.8
944,20140802,71.6,60.1,82.9,0.0,1020.2
945,20140803,75.7,64.0,88.0,0.0,1019.6
948,20140806,70.0,62.1,79.0,0.0,1018.2
949,20140807,70.9,61.0,80.1,0.0,1018.8
950,20140808,72.9,63.0,80.1,0.0,1018.4
951,20140809,72.1,66.0,78.1,0.0,1019.0
957,20140815,67.1,52.0,79.0,0.0,1017.4
958,20140816,73.6,64.0,82.0,0.0,1013.1
960,20140818,72.9,64.9,84.0,0.0,1011.7
961,20140819,77.5,72.0,87.1,0.323,1006.7
962,20140820,77.4,66.9,86.0,0.0,1011.0
966,20140824,77.5,70.0,84.9,0.0,1015.6
969,20140827,71.4,66.0,79.0,0.0,1020.4
973,20140831,77.5,69.1,87.1,0.0,1012.8
974,20140901,77.2,72.0,84.0,0.098,1008.6
976,20140903,74.5,62.1,84.0,0.0,1015.4
979,20140906,67.1,60.1,75.0,0.0,1020.7
980,20140907,67.6,55.9,79.0,0.0,1022.0
981,20140908,68.0,57.0,77.0,0.0,1019.1
982,20140909,72.1,64.9,80.1,0.0,1014.2
984,20140911,52.0,50.0,57.0,0.0,1020.3
987,20140914,55.0,44.1,66.0,0.0,1025.3
989,20140916,55.8,45.0,66.9,0.0,1021.8
990,20140917,57.7,45.0,71.1,0.0,1017.2
991,20140918,57.9,50.0,66.9,0.0,1020.3
992,20140919,63.7,51.1,75.0,0.0,1019.2
994,20140921,61.2,50.0,71.1,0.071,1012.7
995,20140922,55.9,44.1,68.0,0.0,1024.3
996,20140923,60.6,48.9,73.9,0.0,1026.5
997,20140924,62.4,51.1,73.9,0.0,1026.9
998,20140925,63.3,55.0,75.0,0.0,1025.0
999,20140926,64.2,52.0,77.0,0.0,1024.5
1000,20140927,64.9,54.0,78.1,0.0,1023.8
1001,20140928,64.8,55.0,75.9,0.0,1020.9
1003,20140930,53.4,48.0,57.0,0.0,1017.4
1004,20141001,61.5,55.0,68.0,0.0,1015.2
1008,20141005,48.0,39.0,57.0,0.0,1005.8
1010,20141007,57.2,46.9,68.0,0.0,1005.3
1011,20141008,56.7,46.9,66.0,0.0,1014.9
1012,20141009,52.5,45.0,62.1,0.0,1019.4
1013,20141010,48.6,41.0,57.0,0.0,1021.9
1014,20141011,47.8,37.9,59.0,0.0,1023.4
1022,20141019,45.9,33.1,55.0,0.0,1020.2
1023,20141020,55.0,48.0,64.9,0.012,1012.2
1024,20141021,49.8,46.9,53.1,0.0,1021.3
1025,20141022,48.2,39.0,55.9,0.0,1026.9
1026,20141023,49.1,37.0,61.0,0.0,1022.0
1028,20141025,63.1,55.0,73.0,0.0,1013.5
1029,20141026,53.6,42.1,64.0,0.0,1015.3
1030,20141027,65.8,52.0,78.1,0.0,1005.3
1031,20141028,58.5,50.0,70.0,0.0,1009.8
1032,20141029,46.0,37.9,48.9,0.0,1018.3
1033,20141030,43.9,34.0,52.0,0.0,1020.1
1035,20141101,37.9,30.9,44.1,0.0,1030.5
1036,20141102,40.6,25.0,52.0,0.0,1027.8
1037,20141103,55.0,45.0,63.0,0.0,1018.0
1041,20141107,39.9,32.0,44.1,0.0,1019.4
1044,20141110,52.7,44.1,63.0,0.0,1005.4
1054,20141120,21.2,16.0,27.0,0.0,1020.1
1055,20141121,22.6,10.9,33.1,0.0,1029.4
1060,20141126,24.3,18.0,28.9,0.0,1022.4
1065,20141201,19.6,17.1,25.0,0.0,1036.3
1066,20141202,27.7,19.0,35.1,0.0,1025.7
1067,20141203,30.0,25.0,37.0,0.0,1023.8
1068,20141204,29.5,23.0,34.0,0.0,1029.1
1070,20141206,33.4,26.1,39.0,0.0,1033.4
1071,20141207,31.3,24.1,36.0,0.0,1035.0
1074,20141210,30.7,28.9,33.1,0.0,1028.6
1075,20141211,27.5,23.0,32.0,0.0,1025.5
1081,20141217,26.1,25.0,28.9,0.0,1024.5
1082,20141218,24.3,19.0,28.0,0.0,1026.3
1084,20141220,30.9,28.0,33.1,0.0,1026.1
1085,20141221,34.2,32.0,37.0,0.0,1021.9
1089,20141225,37.8,34.0,42.1,0.0,1013.1
1090,20141226,42.4,37.0,50.0,0.0,1016.9
1092,20141228,27.9,23.0,36.0,0.0,1022.7
1093,20141229,24.8,19.9,28.9,0.0,1029.7
1094,20141230,14.4,9.0,19.9,0.0,1038.0
1096,20150101,23.2,15.1,32.0,0.0,1018.7
1097,20150102,26.1,16.0,33.1,0.0,1025.1
1105,20150110,10.2,-0.9,24.1,0.0,1029.6
1109,20150114,12.0,0.0,19.9,0.0,1028.3
1110,20150115,25.7,18.0,35.1,0.0,1018.4
1111,20150116,28.9,26.1,32.0,0.0,1020.7
1112,20150117,37.6,27.0,44.1,0.0,1006.9
1114,20150119,31.3,21.0,41.0,0.0,1016.1
1117,20150122,30.2,28.9,32.0,0.0,1030.0
1118,20150123,30.0,28.9,32.0,0.0,1020.7
1119,20150124,34.3,30.0,42.1,0.0,1006.6
1131,20150205,8.8,1.0,16.0,0.0,1030.8
1132,20150206,21.7,14.0,30.9,0.0,1021.5
1133,20150207,32.2,18.0,42.1,0.0,1009.3
1135,20150209,24.8,21.0,27.0,0.0,1022.4
1136,20150210,25.5,18.0,30.9,0.0,1023.5
1137,20150211,30.0,19.0,36.0,0.0,1017.5
1139,20150213,15.1,6.1,26.1,0.0,1023.3
1142,20150216,13.3,7.0,18.0,0.0,1023.3
1145,20150219,-1.1,-8.0,5.0,0.0,1029.4
1148,20150222,16.2,3.9,28.0,0.0,1031.3
1149,20150223,3.9,-5.1,12.9,0.0,1037.7
1153,20150227,7.5,-0.9,16.0,0.0,1036.9
1155,20150301,19.2,10.9,27.0,0.0,1029.1
1156,20150302,23.0,12.9,30.9,0.0,1031.5
1160,20150306,17.4,3.9,28.9,0.0,1028.3
1161,20150307,35.4,24.1,46.9,0.0,1018.7
1163,20150309,36.7,21.9,51.1,0.0,1021.7
1166,20150312,40.1,27.0,53.1,0.0,1031.7
1167,20150313,49.1,34.0,64.9,0.0,1021.6
1168,20150314,49.6,39.9,59.0,0.0,1017.7
1169,20150315,46.4,28.0,62.1,0.0,1021.7
1170,20150316,59.4,46.9,72.0,0.0,1012.3
1171,20150317,37.8,28.9,43.0,0.0,1025.1
1172,20150318,38.5,27.0,48.9,0.0,1027.0
1173,20150319,39.7,37.0,44.1,0.0,1024.0
1174,20150320,44.4,39.0,51.1,0.0,1018.9
1175,20150321,39.4,30.9,46.9,0.0,1020.5
1180,20150326,36.3,32.0,43.0,0.0,1016.6
1186,20150401,54.5,34.0,73.0,0.0,1014.9
1189,20150404,42.8,30.0,57.9,0.0,1023.1
1190,20150405,50.7,37.9,66.0,0.0,1018.0
1196,20150411,50.2,37.9,61.0,0.0,1022.8
1197,20150412,55.9,39.9,68.0,0.0,1019.0
1199,20150414,53.8,39.9,64.0,0.0,1024.2
1200,20150415,50.5,39.9,60.1,0.0,1024.5
1202,20150417,61.9,45.0,78.1,0.0,1017.8
1203,20150418,53.2,46.9,62.1,0.0,1017.7
1204,20150419,52.2,46.9,63.0,0.469,1006.2
1208,20150423,41.2,28.9,53.1,0.0,1016.4
1211,20150426,44.8,35.1,55.0,0.0,1016.2
1212,20150427,45.5,37.9,52.0,0.0,1020.3
1213,20150428,45.1,35.1,52.0,0.0,1020.2
1214,20150429,47.5,37.0,59.0,0.0,1014.6
1215,20150430,44.2,39.9,48.0,0.0,1016.6
1217,20150502,63.5,46.9,77.0,0.0,1017.2
1221,20150506,54.3,45.0,66.9,0.0,1021.6
1222,20150507,68.5,50.0,84.0,0.02,1016.2
1223,20150508,70.2,66.0,81.0,0.413,1014.2
1228,20150513,45.0,39.0,48.9,0.0,1031.0
1236,20150521,55.9,45.0,68.0,0.0,1018.7
1237,20150522,54.5,45.0,61.0,0.0,1023.0
1238,20150523,63.0,44.1,80.1,0.0,1025.5
1243,20150528,68.5,53.1,80.1,0.0,1021.2
1246,20150531,48.6,43.0,55.0,0.0,1022.9
1247,20150601,50.2,44.1,57.0,0.0,1024.7
1248,20150602,55.9,42.1,66.9,0.0,1021.7
1249,20150603,63.0,48.9,75.0,0.0,1017.5
1250,20150604,70.2,57.0,81.0,0.0,1015.7
1255,20150609,72.7,57.0,84.9,0.0,1008.4
1256,20150610,78.3,66.0,91.0,0.0,1006.3
1262,20150616,64.2,55.0,69.1,0.0,1019.9
1265,20150619,58.5,54.0,63.0,0.0,1018.5
1269,20150623,73.4,64.9,81.0,0.0,1015.8
1273,20150627,65.1,55.9,73.9,0.0,1015.4
1278,20150702,58.8,52.0,66.0,0.0,1016.4
1279,20150703,64.9,54.0,75.0,0.0,1014.8
1280,20150704,70.0,57.0,81.0,0.0,1015.4
1284,20150708,59.2,53.1,64.9,0.134,1018.7
1285,20150709,64.2,57.9,75.0,0.0,1015.8
1286,20150710,69.3,59.0,80.1,0.0,1019.4
1290,20150714,72.3,62.1,80.1,0.0,1005.1
1291,20150715,64.4,59.0,71.1,0.0,1016.1
1295,20150719,78.8,70.0,84.0,0.0,1011.5
1297,20150721,72.7,64.0,79.0,0.0,1011.6
1298,20150722,72.9,63.0,81.0,0.0,1014.7
1299,20150723,73.9,61.0,84.0,0.0,1016.0
1300,20150724,76.1,64.0,84.0,0.0,1015.5
1301,20150725,78.6,71.1,90.0,0.0,1013.2
1303,20150727,76.3,66.9,86.0,0.0,1015.7
1304,20150728,79.3,68.0,88.0,0.0,1014.5
1306,20150730,78.4,66.9,88.0,0.0,1016.5
1307,20150731,77.5,69.1,86.0,0.0,1015.2
1308,20150801,76.6,64.0,87.1,0.0,1014.1
1311,20150804,72.0,61.0,81.0,0.0,1014.4
1312,20150805,71.2,62.1,80.1,0.0,1017.1
1313,20150806,71.8,63.0,80.1,0.0,1014.6
1314,20150807,74.5,64.9,82.9,0.0,1012.5
1315,20150808,73.9,69.1,81.0,0.0,1013.1
1316,20150809,72.3,68.0,80.1,0.0,1014.4
1318,20150811,71.1,64.0,79.0,0.0,1017.2
1319,20150812,69.3,60.1,77.0,0.0,1020.8
1320,20150813,75.7,64.0,84.9,0.0,1018.5
1323,20150816,80.4,70.0,89.1,0.0,1018.2
1328,20150821,70.3,55.0,82.9,0.0,1018.1
1329,20150822,72.3,61.0,82.0,0.0,1018.0
1331,20150824,64.6,57.0,73.0,0.0,1013.8
1332,20150825,63.0,60.1,70.0,0.0,1016.5
1335,20150828,65.8,55.9,73.0,0.0,1019.9
1340,20150902,81.5,73.0,91.0,0.0,1015.8
1341,20150903,79.9,71.1,91.0,0.0,1013.4
1342,20150904,71.6,66.9,80.1,0.0,1016.3
1343,20150905,76.8,69.1,88.0,0.0,1018.4
1344,20150906,82.0,71.1,93.0,0.0,1016.9
1347,20150909,68.0,60.1,75.0,0.0,1015.2
1348,20150910,62.1,55.0,71.1,0.24,1014.3
1350,20150912,56.5,51.1,63.0,0.0,1017.7
1351,20150913,59.0,48.0,71.1,0.0,1016.9
1352,20150914,67.6,52.0,82.0,0.0,1017.2
1353,20150915,72.7,66.0,82.0,0.0,1021.7
1354,20150916,71.8,57.0,82.9,0.0,1021.5
1358,20150920,59.4,50.0,70.0,0.0,1021.8
1359,20150921,60.4,50.0,72.0,0.0,1020.8
1360,20150922,64.4,50.0,80.1,0.0,1022.1
1361,20150923,66.0,55.9,78.1,0.0,1024.5
1362,20150924,63.5,55.9,72.0,0.0,1024.8
1363,20150925,63.7,57.9,69.1,0.0,1024.5
1364,20150926,65.7,57.0,73.0,0.0,1023.9
1365,20150927,66.7,60.1,73.0,0.0,1019.1
1368,20150930,56.1,53.1,59.0,0.0,1023.4
1369,20151001,55.6,53.1,57.9,0.0,1026.8
1370,20151002,55.2,52.0,60.1,0.0,1027.7
1373,20151005,57.4,55.9,59.0,0.0,1022.3
1374,20151006,60.4,55.0,70.0,0.0,1021.0
1375,20151007,60.4,54.0,66.9,0.0,1020.8
1377,20151009,56.3,46.0,64.9,0.0,1020.0
1378,20151010,53.4,41.0,64.0,0.0,1020.9
1379,20151011,64.9,53.1,78.1,0.0,1008.9
1380,20151012,65.7,57.0,75.0,0.0,999.9
1382,20151014,51.3,42.1,63.0,0.0,1015.1
1384,20151016,46.4,37.9,53.1,0.0,1024.7
1385,20151017,40.8,30.9,52.0,0.0,1030.2
1386,20151018,43.7,30.0,59.0,0.0,1030.7
1387,20151019,59.4,39.9,73.0,0.0,1020.3
1390,20151022,54.9,46.9,62.1,0.0,1024.5
1393,20151025,49.6,41.0,62.1,0.0,1026.9
1394,20151026,48.7,37.9,59.0,0.0,1028.9
1398,20151030,45.7,35.1,55.9,0.0,1019.0
1400,20151101,52.2,45.0,64.0,0.0,1011.8
1401,20151102,59.4,43.0,72.0,0.0,1014.9
1402,20151103,56.7,45.0,70.0,0.0,1019.1
1406,20151107,43.5,37.0,52.0,0.0,1026.2
1407,20151108,39.4,28.0,52.0,0.0,1029.7
1408,20151109,41.2,28.9,55.0,0.0,1024.6
1409,20151110,43.0,33.1,55.9,0.0,1019.0
1412,20151113,39.7,34.0,46.0,0.0,1017.6
1413,20151114,41.9,23.0,55.9,0.0,1024.2
1414,20151115,53.1,44.1,64.0,0.0,1023.0
1421,20151122,20.1,12.0,26.1,0.0,1022.0
1422,20151123,31.1,25.0,39.0,0.0,1018.0
1428,20151129,33.4,25.0,41.0,0.0,1028.5
1432,20151203,33.8,30.9,35.1,0.0,1025.8
1434,20151205,36.0,30.9,46.0,0.0,1035.7
1437,20151208,42.3,39.0,46.9,0.0,1012.8
1438,20151209,46.0,41.0,52.0,0.0,1006.5
1439,20151210,48.9,39.9,57.0,0.0,1002.0
1451,20151222,38.1,35.1,39.9,0.012,1010.2
1453,20151224,39.0,35.1,41.0,0.0,1011.8
1454,20151225,36.7,32.0,43.0,0.0,1025.4
1462,20160102,27.7,21.0,33.1,0.0,1018.1
1465,20160105,26.1,19.0,33.1,0.0,1032.8
1466,20160106,30.9,24.1,36.0,0.0,1025.6
1474,20160114,34.9,25.0,43.0,0.0,1004.9
1476,20160116,24.8,10.9,30.0,0.0,1011.5
1477,20160117,3.0,0.0,8.1,0.0,1020.2
1478,20160118,1.4,-4.0,7.0,0.0,1027.3
1479,20160119,9.1,0.0,17.1,0.0,1032.5
1481,20160121,20.5,12.9,28.9,0.0,1028.3
1483,20160123,27.7,25.0,32.0,0.0,1022.8
1484,20160124,27.0,24.1,32.0,0.0,1015.8
1485,20160125,32.9,23.0,39.9,0.075,1009.1
1487,20160127,29.1,24.1,33.1,0.0,1020.2
1488,20160128,33.6,28.9,39.9,0.0,1006.5
1489,20160129,28.6,19.0,35.1,0.0,1013.2
1490,20160130,39.7,35.1,46.0,0.0,1005.0
1492,20160201,35.2,28.9,46.0,0.0,1016.7
1494,20160203,34.3,28.9,37.0,0.0,1005.6
1495,20160204,26.4,19.9,30.9,0.0,1023.4
1497,20160206,31.6,25.0,41.0,0.0,1023.8
1498,20160207,38.5,32.0,43.0,0.0,1010.1
1501,20160210,12.4,9.0,17.1,0.0,1018.7
1502,20160211,13.8,6.1,21.0,0.0,1026.5
1504,20160213,8.6,1.9,16.0,0.0,1035.7
1509,20160218,32.7,21.9,41.0,0.0,1024.8
1512,20160221,36.7,32.0,39.9,0.0,1020.6
1513,20160222,34.0,25.0,42.1,0.0,1022.3
1514,20160223,34.2,25.0,43.0,0.0,1019.7
1517,20160226,30.7,26.1,33.1,0.0,1023.4
1518,20160227,41.5,28.9,54.0,0.0,1013.5
1522,20160302,22.8,12.0,32.0,0.0,1021.5
1526,20160306,41.9,34.0,51.1,0.0,1020.2
1527,20160307,54.3,45.0,63.0,0.0,1011.8
1528,20160308,63.7,59.0,70.0,0.0,1011.3
1530,20160310,44.6,39.0,50.0,0.0,1019.8
1531,20160311,39.7,33.1,50.0,0.0,1027.7
1537,20160317,48.0,41.0,54.0,0.0,1010.5
1538,20160318,38.8,33.1,46.0,0.0,1018.5
1539,20160319,36.9,33.1,41.0,0.0,1022.3
1540,20160320,35.8,28.0,41.0,0.0,1022.7
1541,20160321,37.8,28.9,48.0,0.0,1020.4
1542,20160322,49.3,37.9,61.0,0.0,1008.3
1543,20160323,38.3,36.0,39.9,0.138,1011.2
1545,20160325,34.7,28.9,44.1,0.0,1018.1
1546,20160326,41.0,30.0,51.1,0.0,1021.1
1549,20160329,44.1,28.9,57.0,0.0,1025.2
1563,20160412,37.6,30.0,44.1,0.0,1027.3
1564,20160413,42.3,33.1,51.1,0.0,1027.1
1565,20160414,46.0,34.0,57.0,0.0,1025.1
1566,20160415,51.3,42.1,62.1,0.0,1024.0
1567,20160416,55.2,39.9,69.1,0.0,1026.1
1568,20160417,60.3,43.0,77.0,0.0,1028.3
1569,20160418,64.0,46.9,81.0,0.0,1025.3
1574,20160423,46.9,37.9,55.9,0.0,1021.5
1575,20160424,58.1,41.0,75.0,0.0,1014.3
1584,20160503,54.9,37.9,66.0,0.0,1012.4
1587,20160506,63.0,39.9,82.9,0.0,1012.6
1589,20160508,55.2,39.9,69.1,0.0,1013.6
1594,20160513,56.3,48.0,66.0,0.567,1014.2
1595,20160514,44.1,41.0,46.9,0.102,1015.3
1596,20160515,45.7,35.1,55.0,0.0,1020.0
1597,20160516,58.1,45.0,70.0,0.0,1019.4
1599,20160518,50.5,39.9,61.0,0.0,1024.1
1600,20160519,54.7,39.0,66.9,0.0,1023.1
1601,20160520,56.5,45.0,66.0,0.0,1021.4
1602,20160521,62.1,52.0,73.0,0.0,1019.6
1603,20160522,63.0,48.9,75.0,0.0,1018.2
1604,20160523,65.8,48.0,80.1,0.0,1015.6
1605,20160524,73.8,57.9,87.1,0.0,1014.3
1611,20160530,73.6,62.1,82.9,0.0,1015.6
1614,20160602,68.7,55.9,78.1,0.0,1016.2
1615,20160603,69.8,55.9,82.0,0.0,1017.1
1618,20160606,69.8,57.0,80.1,0.0,1004.7
1619,20160607,59.9,55.0,64.0,0.0,1010.7
1620,20160608,58.3,52.0,64.0,0.0,1015.8
1624,20160612,65.1,60.1,80.1,0.0,1020.4
1625,20160613,67.8,55.9,82.9,0.0,1015.9
1626,20160614,73.4,62.1,84.0,0.0,1010.9
1627,20160615,79.3,69.1,89.1,0.803,1006.6
1628,20160616,68.9,64.0,80.1,0.0,1010.4
1629,20160617,70.5,59.0,81.0,0.0,1018.0
1630,20160618,73.2,57.9,84.0,0.0,1022.8
1631,20160619,77.7,61.0,89.1,0.0,1021.9
1632,20160620,82.9,73.0,91.9,0.012,1016.7
1633,20160621,73.9,63.0,82.0,0.0,1015.0
1634,20160622,70.7,66.0,75.0,1.594,1011.7
1637,20160625,78.3,64.0,89.1,0.0,1017.3
1639,20160627,77.9,70.0,88.0,0.0,1016.5
1640,20160628,64.6,57.9,69.1,0.0,1020.8
1641,20160629,66.6,55.0,77.0,0.0,1019.8
1644,20160702,64.9,55.0,73.9,0.0,1021.2
1645,20160703,66.6,55.0,75.0,0.0,1018.2
1647,20160705,77.5,68.0,86.0,0.0,1011.3
1650,20160708,77.0,66.9,86.0,0.0,1009.7
1651,20160709,70.9,64.9,75.0,0.0,1016.0
1652,20160710,72.1,61.0,80.1,0.0,1017.3
1653,20160711,81.0,71.1,91.0,0.0,1013.6
1655,20160713,77.9,69.1,86.0,0.031,1010.8
1656,20160714,77.5,68.0,88.0,0.0,1010.8
1657,20160715,67.6,62.1,73.9,0.024,1015.8
1658,20160716,68.0,59.0,75.9,0.0,1020.0
1660,20160718,78.6,71.1,87.1,0.0,1019.7
1661,20160719,77.2,66.0,86.0,0.0,1022.9
1662,20160720,79.7,69.1,89.1,0.0,1021.3
1664,20160722,80.4,71.1,90.0,0.063,1015.2
1667,20160725,79.3,72.0,87.1,0.0,1015.0
1668,20160726,77.7,69.1,84.9,0.0,1016.9
1674,20160801,73.6,66.0,81.0,0.0,1018.4
1675,20160802,76.3,66.0,84.9,0.0,1018.3
1676,20160803,79.9,70.0,89.1,0.0,1017.1
1677,20160804,81.9,70.0,91.0,0.0,1014.0
1679,20160806,73.4,64.9,82.0,0.0,1015.1
1680,20160807,72.7,63.0,81.0,0.0,1017.3
1681,20160808,76.5,71.1,82.0,0.0,1017.3
1682,20160809,78.3,69.1,88.0,0.0,1015.8
1683,20160810,80.1,70.0,89.1,0.0,1017.6
1684,20160811,81.9,72.0,93.0,0.0,1013.7
1686,20160813,77.7,73.0,84.0,0.063,1009.3
1687,20160814,76.6,66.9,87.1,0.0,1016.3
1691,20160818,77.9,70.0,87.1,1.65,1016.0
1694,20160821,66.6,60.1,75.0,0.0,1012.6
1695,20160822,68.0,55.0,78.1,0.0,1020.9
1696,20160823,72.3,61.0,81.0,0.0,1021.3
1699,20160826,71.1,64.0,78.1,0.0,1020.4
1704,20160831,71.1,63.0,75.0,0.0,1018.2
1706,20160902,66.9,60.1,72.0,0.0,1024.4
1707,20160903,65.8,57.0,73.9,0.0,1023.0
1708,20160904,68.9,59.0,79.0,0.0,1021.5
1709,20160905,75.9,63.0,88.0,0.0,1018.5
1710,20160906,83.8,75.9,91.9,0.0,1016.6
1715,20160911,64.6,53.1,75.0,0.0,1021.2
1716,20160912,67.6,55.0,79.0,0.0,1018.8
1718,20160914,67.3,62.1,72.0,0.13,1023.4
1719,20160915,67.1,57.9,75.0,0.0,1022.8
1720,20160916,73.9,64.9,82.9,0.0,1014.9
1721,20160917,73.0,66.0,82.0,0.043,1012.6
1722,20160918,68.5,59.0,81.0,0.0,1014.9
1723,20160919,72.7,57.9,87.1,0.0,1016.0
1724,20160920,71.4,64.0,81.0,0.0,1020.7
1729,20160925,72.0,63.0,84.9,0.24,1016.4
1731,20160927,59.9,53.1,69.1,0.0,1009.3
1738,20161004,64.9,57.9,72.0,0.0,1017.4
1739,20161005,67.6,57.9,80.1,0.0,1014.4
1742,20161008,51.8,41.0,63.0,0.0,1024.9
1743,20161009,54.1,46.0,62.1,0.0,1027.4
1744,20161010,56.5,44.1,70.0,0.0,1026.6
1747,20161013,46.9,39.0,55.9,0.0,1025.9
1748,20161014,50.9,37.0,64.9,0.0,1023.8
1749,20161015,61.5,54.0,70.0,0.0,1015.7
1751,20161017,73.8,66.9,82.0,0.0,1002.8
1752,20161018,69.4,53.1,75.9,0.0,1004.9
1754,20161020,51.8,46.9,55.9,0.0,1020.9
1755,20161021,45.7,39.9,52.0,0.0,1021.9
1756,20161022,47.5,37.0,60.1,0.0,1018.6
1757,20161023,55.8,39.9,73.0,0.0,1014.5
1758,20161024,48.7,41.0,55.0,0.0,1027.5
1761,20161027,46.6,43.0,50.0,0.0,1022.4
1762,20161028,52.3,37.9,64.0,0.0,1020.1
1763,20161029,63.9,55.9,69.1,0.0,1013.4
1765,20161031,48.9,37.9,59.0,0.0,1018.8
1766,20161101,66.7,60.1,75.0,0.0,1012.4
1769,20161104,51.1,43.0,62.1,0.0,1029.7
1770,20161105,54.0,43.0,68.0,0.0,1027.1
1771,20161106,53.8,42.1,69.1,0.0,1027.3
1772,20161107,52.0,41.0,64.9,0.0,1026.0
1775,20161110,52.7,41.0,64.0,0.0,1017.8
1777,20161112,41.5,30.0,52.0,0.0,1029.6
1778,20161113,46.4,36.0,55.9,0.0,1020.4
1779,20161114,48.6,41.0,59.0,0.0,1013.2
1781,20161116,45.9,36.0,57.0,0.0,1013.8
1782,20161117,59.4,43.0,71.1,0.0,1009.3
1785,20161120,27.5,23.0,33.1,0.0,1027.7
1786,20161121,29.7,21.9,39.9,0.0,1027.2
1789,20161124,38.7,35.1,43.0,0.0,1021.6
1791,20161126,39.4,33.1,45.0,0.0,1025.6
1792,20161127,38.7,34.0,44.1,0.02,1015.7
1797,20161202,36.5,34.0,37.9,0.0,1022.3
1798,20161203,32.0,28.9,34.0,0.0,1027.8
1800,20161205,32.7,32.0,33.1,0.0,1016.5
1802,20161207,25.0,21.9,28.0,0.0,1019.4
1807,20161212,21.4,12.9,32.0,0.0,1017.2
1808,20161213,13.6,3.9,21.0,0.0,1023.1
1809,20161214,10.4,3.9,19.9,0.0,1023.4
1810,20161215,4.5,-0.9,10.0,0.0,1030.6
1814,20161219,4.8,-8.0,15.1,0.0,1038.9
1815,20161220,23.0,15.1,28.9,0.0,1024.1
1816,20161221,28.6,21.9,35.1,0.0,1018.5
1817,20161222,33.3,26.1,37.9,0.0,1024.8
1822,20161227,25.9,21.9,28.0,0.0,1020.8
1823,20161228,32.5,19.0,44.1,0.0,1014.5
1827,20170101,28.0,19.0,39.0,0.0,1020.3
1830,20170104,13.1,8.1,19.9,0.0,1017.3
1833,20170107,8.4,1.0,18.0,0.0,1034.5
1834,20170108,10.6,1.9,17.1,0.0,1038.2
1839,20170113,20.1,15.1,27.0,0.0,1040.7
1840,20170114,28.0,19.9,33.1,0.0,1033.6
1841,20170115,25.2,17.1,35.1,0.0,1030.3
1849,20170123,38.7,36.0,43.0,0.0,1008.3
1859,20170202,18.1,14.0,23.0,0.0,1029.2
1860,20170203,19.8,14.0,28.0,0.0,1031.7
1861,20170204,24.3,10.0,33.1,0.0,1024.1
1862,20170205,31.5,21.9,37.0,0.0,1016.2
1865,20170208,26.4,18.0,32.0,0.0,1014.7
1867,20170210,30.9,19.0,42.1,0.0,1013.8
1868,20170211,39.2,30.9,45.0,0.0,1012.1
1869,20170212,38.5,33.1,46.9,0.0,1019.7
1870,20170213,35.8,25.0,44.1,0.0,1023.6
1871,20170214,40.6,33.1,50.0,0.0,1009.4
1872,20170215,30.6,26.1,34.0,0.0,1012.8
1873,20170216,34.0,28.9,39.9,0.0,1012.2
1874,20170217,47.1,27.0,64.9,0.0,1005.0
1875,20170218,53.2,39.9,69.1,0.0,1006.6
1876,20170219,46.0,30.9,63.0,0.0,1016.9
1877,20170220,53.8,37.9,68.0,0.0,1017.8
1883,20170226,35.4,23.0,46.9,0.0,1016.4
1884,20170227,40.3,26.1,52.0,0.0,1020.0
1888,20170303,25.7,19.0,32.0,0.0,1035.2
1891,20170306,55.8,51.1,64.0,0.0,1010.6
1892,20170307,49.6,43.0,64.0,0.311,1009.3
1893,20170308,44.6,39.0,51.1,0.0,1015.7
1895,20170310,26.6,21.0,35.1,0.0,1029.5
1896,20170311,22.1,15.1,28.9,0.0,1033.4
1900,20170315,22.6,14.0,30.0,0.0,1028.8
1901,20170316,29.7,19.0,41.0,0.0,1026.6
1905,20170320,45.9,39.9,51.1,0.02,1017.3
1906,20170321,39.4,32.0,51.1,0.0,1023.7
1907,20170322,29.7,27.0,32.0,0.0,1034.7
1917,20170401,44.6,32.0,57.0,0.0,1022.6
1920,20170404,47.5,43.0,54.0,0.043,1005.6
1923,20170407,42.4,35.1,51.1,0.0,1019.0
1924,20170408,52.7,36.0,66.0,0.0,1015.0
1928,20170412,45.9,36.0,54.0,0.0,1028.8
1933,20170417,51.4,43.0,64.9,0.0,1021.8
1934,20170418,59.7,41.0,75.0,0.0,1019.3
1937,20170421,47.7,43.0,52.0,0.0,1018.6
1938,20170422,48.7,42.1,57.0,0.0,1022.5
1939,20170423,51.6,35.1,69.1,0.0,1019.7
1940,20170424,53.8,37.9,70.0,0.0,1014.1
1941,20170425,64.8,50.0,75.0,0.0,1004.2
1944,20170428,47.5,41.0,55.0,0.0,1013.5
1949,20170503,46.6,36.0,54.0,0.0,1021.0
1950,20170504,46.8,42.1,51.1,0.0,1016.0
1953,20170507,44.6,35.1,53.1,0.0,1017.2
1954,20170508,43.3,33.1,52.0,0.031,1020.1
1959,20170513,62.8,46.0,80.1,0.0,1011.6
1960,20170514,55.4,50.0,63.0,0.0,1013.4
1961,20170515,63.5,46.9,77.0,0.0,1013.9
1962,20170516,74.5,60.1,87.1,0.059,1008.1
1963,20170517,77.4,70.0,82.9,0.0,1004.0
1968,20170522,59.5,46.9,71.1,0.0,1014.9
1971,20170525,57.9,53.1,66.0,0.0,1003.7
1972,20170526,56.7,48.9,66.0,0.531,1010.5
1975,20170529,66.9,55.0,75.0,0.0,1009.4
1977,20170531,63.7,53.1,72.0,0.0,1015.1
1978,20170601,64.0,48.0,78.1,0.0,1017.8
1979,20170602,68.7,50.0,84.0,0.0,1017.9
1980,20170603,71.1,53.1,81.0,0.0,1015.7
1981,20170604,79.0,66.0,89.1,0.0,1009.4
1982,20170605,63.7,59.0,69.1,0.0,1011.0
1983,20170606,63.1,51.1,72.0,0.0,1017.4
1984,20170607,64.4,53.1,73.9,0.0,1019.9
1987,20170610,76.8,61.0,90.0,0.0,1009.5
1988,20170611,82.4,72.0,91.9,0.0,1012.1
1989,20170612,84.2,75.0,93.9,0.0,1012.8
1990,20170613,73.2,66.9,81.0,0.0,1014.3
1995,20170618,73.2,70.0,77.0,0.0,1003.4
1998,20170621,66.6,54.0,77.0,0.0,1014.4
2001,20170624,67.1,61.0,73.0,0.0,1014.4
2004,20170627,64.4,51.1,75.9,0.0,1018.9
2008,20170701,73.8,66.0,81.0,0.0,1012.6
2009,20170702,72.3,62.1,86.0,0.0,1016.2
2010,20170703,68.2,64.0,75.0,0.102,1017.9
2011,20170704,70.5,62.1,78.1,0.0,1018.9
2012,20170705,74.7,64.0,84.0,0.0,1019.0
2013,20170706,81.0,70.0,90.0,0.0,1014.7
2015,20170708,67.5,59.0,75.0,0.0,1016.6
2020,20170713,77.0,73.9,81.0,0.043,1014.6
2022,20170715,70.9,61.0,78.1,0.0,1019.5
2024,20170717,66.4,59.0,73.0,0.0,1017.8
2025,20170718,74.8,62.1,86.0,0.0,1017.7
2031,20170724,67.8,64.9,70.0,0.0,1016.7
2033,20170726,76.5,66.9,84.0,0.0,1017.4
2035,20170728,71.4,66.9,77.0,0.0,1015.8
2036,20170729,69.6,62.1,77.0,0.0,1020.1
2037,20170730,71.2,60.1,81.0,0.0,1022.4
2038,20170731,73.8,63.0,84.9,0.0,1021.7
2039,20170801,75.4,66.0,84.9,0.0,1018.1
2043,20170805,69.1,59.0,78.1,0.0,1016.8
2046,20170808,69.4,54.0,82.9,0.0,1021.4
2047,20170809,70.5,59.0,81.0,0.0,1021.5
2049,20170811,69.6,64.9,77.0,0.0,1015.4
2050,20170812,65.7,59.0,73.9,0.0,1018.0
2051,20170813,66.9,55.9,77.0,0.0,1017.7
2052,20170814,72.1,61.0,82.0,0.0,1012.0
2053,20170815,72.1,66.0,81.0,0.0,1012.9
2057,20170819,71.8,61.0,82.0,0.0,1014.0
2061,20170823,67.1,57.9,77.0,0.0,1016.8
2062,20170824,63.9,57.9,73.9,0.0,1019.6
2063,20170825,63.1,52.0,73.0,0.0,1024.2
2068,20170830,70.7,59.0,82.0,0.0,1018.0
2070,20170901,63.1,57.0,66.9,0.0,1021.9
2072,20170903,71.1,55.9,84.0,0.0,1015.1
2078,20170909,62.2,53.1,70.0,0.0,1029.3
2079,20170910,58.8,48.0,68.0,0.0,1030.1
2080,20170911,60.6,48.9,73.0,0.0,1024.7
2081,20170912,62.8,51.1,73.9,0.0,1015.8
2084,20170915,74.3,61.0,88.0,0.0,1015.7
2085,20170916,76.6,64.0,89.1,0.0,1017.4
2087,20170918,65.3,55.0,73.0,0.0,1018.6
2089,20170920,77.5,61.0,91.9,0.0,1012.2
2090,20170921,82.0,73.0,91.9,0.0,1015.1
2091,20170922,82.6,70.0,95.0,0.0,1016.9
2093,20170924,79.0,66.9,91.0,0.0,1017.5
2094,20170925,77.5,64.9,91.0,0.0,1014.8
2096,20170927,65.8,57.9,73.0,0.0,1018.9
2097,20170928,61.9,50.0,73.9,0.0,1021.8
2099,20170930,59.7,52.0,66.0,0.0,1029.1
2100,20171001,58.8,46.0,70.0,0.0,1023.6
2101,20171002,71.1,57.9,82.9,0.0,1020.8
2102,20171003,73.2,68.0,78.1,0.0,1023.5
2104,20171005,62.6,52.0,75.0,0.102,1021.8
2108,20171009,64.4,52.0,81.0,0.0,1012.6
2115,20171016,52.5,45.0,63.0,0.0,1025.1
2117,20171018,60.8,48.0,71.1,0.0,1019.4
2118,20171019,58.8,50.0,68.0,0.0,1020.5
2119,20171020,63.1,48.9,78.1,0.0,1020.0
2120,20171021,69.3,62.1,75.9,0.0,1016.8
2124,20171025,43.9,37.9,53.1,0.0,1009.0
2125,20171026,48.4,36.0,60.1,0.0,1008.4
2128,20171029,41.0,34.0,46.9,0.0,1011.3
2129,20171030,44.4,39.9,50.0,0.0,1006.8
2130,20171031,37.6,35.1,41.0,0.0,1019.3
2133,20171103,43.7,37.9,48.0,0.0,1026.1
2136,20171106,38.5,32.0,42.1,0.0,1024.0
2137,20171107,38.3,30.9,45.0,0.0,1027.5
2138,20171108,36.1,27.0,46.9,0.0,1026.7
2139,20171109,35.8,21.9,45.0,0.0,1023.4
2141,20171111,32.0,26.1,37.9,0.0,1028.9
2143,20171113,36.3,30.9,39.9,0.0,1031.7
2149,20171119,32.9,30.0,37.9,0.0,1016.8
2150,20171120,42.8,30.9,53.1,0.0,1011.6
2152,20171122,28.8,21.0,34.0,0.0,1026.5
2153,20171123,37.2,32.0,46.0,0.0,1016.5
2154,20171124,48.9,30.9,64.0,0.0,1004.1
2155,20171125,45.1,33.1,55.9,0.0,1013.6
2156,20171126,39.4,27.0,50.0,0.0,1021.3
2159,20171129,40.6,32.0,46.0,0.0,1025.0
2160,20171130,46.8,37.0,54.0,0.0,1018.3
2161,20171201,38.3,27.0,53.1,0.0,1023.6
2162,20171202,41.9,33.1,55.0,0.0,1020.5
2163,20171203,42.8,28.0,57.9,0.0,1020.9
2166,20171206,30.7,27.0,35.1,0.0,1016.2
2170,20171210,27.1,19.9,32.0,0.0,1016.3
2172,20171212,21.0,17.1,30.9,0.0,1017.9
2176,20171216,37.9,28.0,46.0,0.0,1013.9
2177,20171217,37.9,30.0,43.0,0.0,1017.7
2179,20171219,43.2,36.0,51.1,0.0,1014.3
2180,20171220,31.1,28.0,34.0,0.0,1021.0
2181,20171221,37.0,30.9,39.9,0.0,1017.1
2182,20171222,37.2,34.0,39.0,0.0,1016.5
2183,20171223,26.6,19.0,33.1,0.0,1021.1
2186,20171226,2.1,-2.9,7.0,0.0,1036.5
2187,20171227,2.1,-2.9,8.1,0.0,1041.9
2192,20180101,-2.4,-8.0,3.9,0.0,1040.8
2193,20180102,1.4,-6.0,10.9,0.0,1033.2
2195,20180104,5.0,-0.9,12.0,0.0,1027.3
2196,20180105,4.3,-0.9,10.9,0.0,1031.6
2197,20180106,6.6,-0.9,15.1,0.0,1036.1
2199,20180108,34.5,30.9,39.0,0.0,1016.4
2200,20180109,30.9,27.0,37.0,0.0,1023.9
2204,20180113,10.8,6.1,16.0,0.0,1036.6
2208,20180117,14.7,6.1,21.9,0.0,1032.0
2209,20180118,25.3,17.1,34.0,0.0,1019.3
2210,20180119,35.2,28.9,41.0,0.0,1011.0
2212,20180121,40.5,36.0,44.1,0.0,1014.5
2216,20180125,32.9,23.0,43.0,0.0,1026.1
2217,20180126,45.1,33.1,52.0,0.0,1019.6
2218,20180127,45.3,39.0,50.0,0.0,1019.8
2221,20180130,23.5,15.1,30.9,0.0,1028.4
2222,20180131,36.9,30.9,42.1,0.0,1009.0
2223,20180201,21.0,9.0,35.1,0.0,1019.6
2224,20180202,12.9,5.0,21.0,0.0,1032.5
2234,20180212,15.3,5.0,26.1,0.0,1039.5
2235,20180213,22.6,8.1,36.0,0.0,1034.5
2244,20180222,35.8,30.0,39.9,0.0,1033.5
2247,20180225,40.1,35.1,48.0,0.154,1011.3
2248,20180226,41.5,28.0,54.0,0.0,1023.1
2249,20180227,50.7,37.0,63.0,0.0,1019.3
2250,20180228,46.9,36.0,60.1,0.0,1010.8
2252,20180302,36.5,28.9,46.0,0.0,1030.5
2253,20180303,36.1,30.9,42.1,0.0,1034.1
2254,20180304,38.1,33.1,44.1,0.0,1030.4
2258,20180308,28.6,23.0,35.1,0.0,1017.3
2259,20180309,30.2,23.0,37.9,0.0,1017.3
2260,20180310,31.3,21.9,39.9,0.0,1020.1
2262,20180312,37.8,32.0,45.0,0.0,1020.4
2264,20180314,33.8,19.0,48.0,0.0,1017.0
2265,20180315,36.3,27.0,46.0,0.0,1012.8
2266,20180316,31.8,28.9,36.0,0.0,1021.5
2267,20180317,37.2,30.9,45.0,0.0,1016.1
2268,20180318,41.2,25.0,57.9,0.0,1017.0
2269,20180319,37.6,30.9,43.0,0.0,1014.3
2271,20180321,33.1,28.0,37.9,0.0,1019.7
2272,20180322,34.7,24.1,48.0,0.0,1027.4
2273,20180323,33.8,26.1,41.0,0.0,1028.5
2274,20180324,36.1,34.0,39.0,0.0,1024.2
2275,20180325,33.6,28.0,37.9,0.0,1028.6
2280,20180330,39.2,33.1,48.0,0.0,1022.8
2282,20180401,30.4,24.1,34.0,0.0,1023.9
2283,20180402,33.3,21.0,42.1,0.0,1018.6
2287,20180406,34.3,27.0,37.9,0.024,1014.8
2288,20180407,28.4,19.9,37.9,0.0,1021.0
2291,20180410,38.1,28.0,46.0,0.0,1024.2
2293,20180412,54.0,41.0,73.0,0.102,1005.8
2301,20180420,46.0,30.9,60.1,0.0,1032.6
2302,20180421,45.0,35.1,54.0,0.0,1031.1
2303,20180422,49.5,42.1,59.0,0.0,1027.7
2304,20180423,51.1,42.1,61.0,0.0,1022.5
2305,20180424,54.0,48.0,62.1,0.0,1017.9
2306,20180425,46.0,39.0,50.0,0.0,1019.2
2307,20180426,50.7,34.0,66.0,0.0,1013.7
2310,20180429,44.2,30.9,55.9,0.0,1027.4
2311,20180430,60.3,37.0,79.0,0.0,1020.5
2312,20180501,74.1,60.1,84.9,0.0,1013.7
2315,20180504,67.3,52.0,75.0,0.0,1010.9
2316,20180505,68.4,52.0,82.0,0.0,1015.4
2318,20180507,61.0,46.9,73.0,0.0,1022.1
2319,20180508,68.7,54.0,81.0,0.0,1019.3
2327,20180516,64.4,48.0,79.0,0.0,1016.3
2328,20180517,58.6,54.0,64.0,0.0,1018.0
2334,20180523,65.1,52.0,77.0,0.0,1021.8
2336,20180525,77.5,63.0,89.1,0.0,1012.1
2339,20180528,79.3,69.1,93.0,0.0,1013.4
2340,20180529,72.0,66.0,79.0,0.0,1012.4
2342,20180531,79.5,70.0,90.0,0.0,1004.6
2343,20180601,64.8,55.0,73.0,0.0,1012.7
2344,20180602,59.2,52.0,64.9,0.071,1014.4
2346,20180604,69.6,55.9,81.0,0.0,1014.5
2349,20180607,66.7,57.9,79.0,0.0,1016.3
2356,20180614,71.4,61.0,81.0,0.0,1017.4
2357,20180615,74.8,62.1,86.0,0.0,1015.2
2359,20180617,86.5,79.0,93.9,0.0,1014.5
2362,20180620,68.4,64.0,75.0,0.0,1011.8
2366,20180624,69.8,63.0,77.0,0.0,1014.1
2367,20180625,68.7,61.0,73.9,0.0,1019.8
2370,20180628,75.6,66.0,84.0,0.0,1013.2
2371,20180629,84.2,71.1,95.0,0.0,1013.2
2372,20180630,87.8,81.0,95.0,0.0,1012.9
2374,20180702,76.5,69.1,84.0,0.0,1016.9
2378,20180706,70.9,64.0,75.0,0.0,1028.6
2379,20180707,70.0,57.9,80.1,0.0,1027.5
2380,20180708,75.4,61.0,87.1,0.0,1024.3
2381,20180709,80.1,66.0,91.0,0.0,1021.5
2382,20180710,79.9,72.0,86.0,0.0,1019.1
2383,20180711,75.6,64.9,84.9,0.0,1020.5
2384,20180712,78.6,68.0,87.1,0.0,1020.6
2385,20180713,83.5,73.0,93.9,0.0,1018.7
2387,20180715,80.1,72.0,88.0,0.0,1014.9
2388,20180716,81.3,73.9,89.1,0.0,1013.4
2389,20180717,73.9,68.0,80.1,0.0,1017.8
2390,20180718,70.9,61.0,78.1,0.0,1019.6
2395,20180723,72.5,66.0,80.1,0.0,1013.7
2397,20180725,78.4,66.0,90.0,0.0,1015.4
2398,20180726,76.3,69.1,81.0,0.0,1013.0
2399,20180727,70.7,63.0,77.0,0.0,1016.8
2400,20180728,70.9,61.0,81.0,0.0,1019.5
2401,20180729,71.8,60.1,81.0,0.0,1019.2
2402,20180730,72.9,62.1,81.0,0.0,1018.4
2405,20180802,77.0,72.0,84.9,0.071,1014.1
2406,20180803,74.7,66.0,82.9,0.0,1017.1
2407,20180804,84.0,69.1,98.1,0.0,1016.7
2411,20180808,75.4,68.0,84.0,0.0,1013.4
2413,20180810,75.9,70.0,81.0,0.0,1014.2
2414,20180811,77.0,66.0,88.0,0.0,1015.9
2415,20180812,77.9,68.0,88.0,0.0,1019.3
2416,20180813,76.8,66.0,89.1,0.0,1018.4
2417,20180814,79.2,69.1,89.1,0.0,1015.0
2419,20180816,77.5,71.1,84.9,0.0,1013.6
2422,20180819,75.6,66.9,84.0,0.0,1015.1
2425,20180822,69.6,59.0,79.0,0.0,1019.4
2426,20180823,70.2,57.0,80.1,0.0,1019.4
2433,20180830,65.3,57.9,72.0,0.0,1022.6
2434,20180831,71.8,57.0,86.0,0.031,1018.3
2438,20180904,81.5,72.0,91.9,0.0,1020.5
2441,20180907,67.6,63.0,70.0,0.0,1024.2
2442,20180908,67.3,64.9,70.0,0.0,1021.8
2443,20180909,64.6,61.0,69.1,0.0,1018.4
2444,20180910,65.3,57.9,73.9,0.0,1016.9
2445,20180911,67.6,55.0,79.0,0.0,1020.4
2446,20180912,69.8,57.9,81.0,0.0,1022.0
2447,20180913,67.5,57.9,75.9,0.0,1021.9
2448,20180914,72.1,62.1,84.0,0.0,1020.8
2449,20180915,71.6,62.1,82.0,0.0,1021.6
2450,20180916,75.2,64.9,87.1,0.0,1018.5
2451,20180917,78.1,66.9,91.0,0.0,1013.5
2455,20180921,73.4,57.0,84.9,0.0,1013.4
2456,20180922,57.7,51.1,64.0,0.0,1025.6
2457,20180923,59.2,48.0,69.1,0.0,1021.7
2460,20180926,59.9,51.1,66.0,0.0,1018.4
2461,20180927,59.4,46.0,70.0,0.0,1017.0
2463,20180929,50.7,39.9,59.0,0.031,1027.1
2475,20181011,47.7,44.1,53.1,0.0,1013.0
2476,20181012,41.2,37.0,44.1,0.0,1016.0
2477,20181013,43.0,33.1,54.0,0.0,1016.6
2478,20181014,47.5,37.0,57.0,0.071,1017.2
2481,20181017,46.2,39.0,51.1,0.0,1025.2
2482,20181018,46.4,33.1,59.0,0.0,1031.5
2485,20181021,39.7,28.0,51.1,0.0,1025.4
2486,20181022,48.9,33.1,64.9,0.0,1017.9
2487,20181023,45.9,37.0,53.1,0.0,1024.9
2488,20181024,42.8,36.0,52.0,0.0,1029.5
2489,20181025,44.1,35.1,53.1,0.0,1021.9
2496,20181101,49.1,45.0,52.0,0.0,1011.2
2497,20181102,43.5,37.0,48.9,0.0,1011.7
2502,20181107,37.2,35.1,39.9,0.0,1020.5
2503,20181108,36.1,34.0,39.0,0.0,1028.2
2506,20181111,34.5,30.0,42.1,0.0,1025.2
2507,20181112,30.7,25.0,34.0,0.0,1028.0
2508,20181113,24.1,19.0,30.0,0.0,1031.1
2509,20181114,25.9,18.0,34.0,0.0,1034.3
2511,20181116,36.0,30.0,41.0,0.0,1014.8
2514,20181119,29.5,24.1,35.1,0.0,1019.6
2515,20181120,31.8,28.9,36.0,0.0,1022.3
2517,20181122,35.2,33.1,39.0,0.0,1027.6
2520,20181125,37.2,34.0,41.0,0.819,1009.9
2530,20181205,29.7,26.1,33.1,0.0,1020.9
2531,20181206,28.4,19.9,33.1,0.0,1024.7
2532,20181207,20.7,16.0,25.0,0.0,1033.9
2533,20181208,25.5,21.0,32.0,0.0,1036.3
2535,20181210,26.8,15.1,37.0,0.0,1024.6
2536,20181211,31.6,27.0,39.0,0.0,1018.2
2538,20181213,34.9,23.0,44.1,0.067,1018.9
2540,20181215,34.7,26.1,46.0,0.0,1022.3
2541,20181216,37.6,26.1,50.0,0.0,1019.7
2542,20181217,35.2,28.0,43.0,0.0,1022.6
2543,20181218,33.4,23.0,44.1,0.0,1021.9
2544,20181219,42.6,34.0,51.1,0.0,1010.8
2547,20181222,31.8,28.9,35.1,0.0,1014.4
2549,20181224,28.2,25.0,34.0,0.0,1024.2
2550,20181225,34.9,27.0,46.0,0.0,1025.9
2551,20181226,35.4,24.1,46.0,0.0,1029.7
2555,20181230,28.8,21.0,37.0,0.0,1018.7
2559,20190103,32.9,26.1,41.0,0.0,1016.2
2560,20190104,38.7,32.0,50.0,0.0,1008.7
2561,20190105,40.5,28.0,55.0,0.0,1011.6
2562,20190106,38.8,33.1,41.0,0.0,1022.9
2565,20190109,21.0,18.0,27.0,0.0,1025.2
2566,20190110,19.9,16.0,26.1,0.0,1030.7
2567,20190111,26.6,18.0,32.0,0.0,1028.8
2570,20190114,27.0,25.0,28.9,0.0,1028.0
2571,20190115,28.8,26.1,34.0,0.0,1021.6
2586,20190130,-15.5,-20.9,-9.0,0.0,1025.4
2589,20190202,32.4,15.1,42.1,0.0,1018.0
2590,20190203,43.9,39.9,46.9,0.0,1010.8
2596,20190209,16.0,6.1,25.0,0.0,1044.4
2601,20190214,39.0,28.0,46.0,0.0,1003.2
2602,20190215,19.0,12.0,34.0,0.0,1013.4
2603,20190216,22.8,14.0,30.0,0.0,1020.0
2606,20190219,22.5,6.1,33.1,0.0,1035.4
2608,20190221,30.6,26.1,35.1,0.0,1021.8
2609,20190222,30.0,21.0,37.9,0.0,1029.9
2611,20190224,31.1,15.1,45.0,0.039,1003.2
2612,20190225,14.2,8.1,19.9,0.0,1030.5
2614,20190227,24.8,16.0,30.0,0.0,1023.0
2615,20190228,20.1,12.0,28.0,0.0,1025.1
2616,20190301,28.2,23.0,32.0,0.0,1022.7
2619,20190304,5.9,-2.0,14.0,0.0,1023.6
2621,20190306,20.7,10.0,30.9,0.0,1026.1
2622,20190307,21.9,15.1,27.0,0.0,1028.5
2626,20190311,33.4,28.0,42.1,0.0,1027.8
2627,20190312,37.9,25.0,51.1,0.0,1025.9
2631,20190316,34.9,28.9,42.1,0.0,1026.1
2632,20190317,36.0,28.0,44.1,0.0,1025.1
2633,20190318,36.7,28.9,43.0,0.0,1028.6
2634,20190319,40.8,32.0,50.0,0.0,1028.4
2637,20190322,38.7,30.9,43.0,0.0,1020.0
2638,20190323,39.0,25.0,53.1,0.0,1026.1
2640,20190325,36.0,28.9,41.0,0.0,1026.3
2641,20190326,35.6,23.0,46.9,0.0,1031.4
2647,20190401,38.5,25.0,50.0,0.0,1024.7
2649,20190403,49.1,37.0,60.1,0.0,1023.6
2654,20190408,63.9,54.0,73.9,0.0,1010.1
2657,20190411,44.1,37.9,52.0,0.138,1007.6
2659,20190413,43.7,36.0,52.0,0.0,1018.4
2663,20190417,59.4,46.0,75.9,0.0,1009.5
2666,20190420,52.2,39.0,64.9,0.0,1011.0
2667,20190421,61.9,41.0,78.1,0.0,1015.1
2668,20190422,68.7,57.0,81.0,0.031,1014.9
2669,20190423,56.8,48.0,70.0,0.0,1015.2
2670,20190424,53.1,42.1,62.1,0.0,1015.4
2671,20190425,55.4,43.0,66.9,0.02,1008.5
2672,20190426,56.3,50.0,63.0,0.197,1009.3
2677,20190501,50.0,43.0,57.9,1.126,1015.0
2680,20190504,52.2,39.9,63.0,0.0,1016.2
2681,20190505,61.5,46.0,73.9,0.0,1012.2
2689,20190513,51.8,45.0,59.0,0.0,1013.7
2690,20190514,57.2,42.1,69.1,0.0,1016.5
2691,20190515,64.9,48.9,75.9,0.0,1014.2
2692,20190516,67.8,57.0,78.1,0.311,1008.9
2696,20190520,51.8,48.0,57.0,0.0,1017.2
2699,20190523,70.5,63.0,75.9,0.161,1015.0
2701,20190525,75.4,63.0,82.0,0.02,1012.4
2706,20190530,68.2,60.1,78.1,0.142,1007.9
2707,20190531,72.9,59.0,82.9,0.0,1010.3
2709,20190602,60.3,52.0,70.0,0.0,1013.7
2710,20190603,56.3,50.0,64.0,0.0,1020.0
2715,20190608,66.7,59.0,75.0,0.0,1015.8
2717,20190610,68.0,60.1,75.9,0.0,1018.0
2718,20190611,68.2,54.0,81.0,0.0,1020.1
2721,20190614,67.3,50.0,80.1,0.083,1014.1
2724,20190617,60.3,55.9,66.0,0.0,1015.9
2728,20190621,62.1,52.0,71.1,0.0,1015.9
2733,20190626,78.8,70.0,88.0,0.0,1016.6
2734,20190627,77.4,68.0,90.0,0.02,1020.2
2736,20190629,77.4,68.0,84.9,0.0,1018.6
2738,20190701,81.0,70.0,91.0,0.0,1014.8
2741,20190704,80.4,70.0,91.0,0.0,1013.7
2745,20190708,69.4,60.1,81.0,0.0,1018.0
2746,20190709,75.7,61.0,88.0,0.0,1015.9
2748,20190711,73.9,66.0,79.0,0.0,1013.4
2749,20190712,75.2,59.0,89.1,0.0,1014.6
2750,20190713,81.7,71.1,93.9,0.0,1015.0
2751,20190714,78.4,69.1,87.1,0.0,1019.1
2752,20190715,83.1,73.0,93.0,0.0,1016.5
2756,20190719,88.0,82.9,93.9,0.0,1009.0
2760,20190723,71.1,63.0,81.0,0.0,1019.3
2761,20190724,71.8,61.0,80.1,0.0,1021.1
2762,20190725,74.5,63.0,84.0,0.0,1021.7
2763,20190726,76.8,66.9,86.0,0.0,1021.3
2765,20190728,83.1,75.0,90.0,0.0,1016.1
2767,20190730,72.3,66.9,77.0,0.0,1016.3
2768,20190731,68.2,60.1,75.9,0.0,1021.6
2769,20190801,68.9,57.0,79.0,0.0,1022.2
2770,20190802,71.6,60.1,82.0,0.0,1020.9
2771,20190803,76.3,63.0,88.0,0.0,1018.5
2772,20190804,77.2,71.1,84.9,0.0,1017.0
2773,20190805,81.1,70.0,91.0,0.0,1013.5
2776,20190808,77.2,69.1,86.0,0.252,1010.2
2777,20190809,72.5,62.1,82.0,0.0,1014.2
2778,20190810,74.5,66.0,82.9,0.0,1015.9
2783,20190815,70.9,64.0,77.0,0.0,1015.6
2787,20190819,75.7,66.9,84.9,0.0,1015.5
2789,20190821,74.8,64.9,84.9,0.083,1014.1
2790,20190822,71.1,64.9,75.9,0.0,1016.5
2791,20190823,67.8,59.0,73.9,0.0,1022.3
2792,20190824,68.4,61.0,75.0,0.0,1024.4
2793,20190825,70.2,61.0,75.9,0.0,1019.2
2795,20190827,73.8,66.0,81.0,0.0,1009.2
2796,20190828,69.3,61.0,75.9,0.0,1013.1
2797,20190829,72.7,57.0,84.9,0.0,1012.7
2798,20190830,67.6,60.1,75.9,0.0,1019.5
2801,20190902,72.5,60.1,84.0,0.0,1018.5
2803,20190904,65.1,61.0,71.1,0.0,1018.8
2804,20190905,64.4,55.9,72.0,0.0,1020.4
2806,20190907,67.5,55.9,79.0,0.0,1017.3
2807,20190908,64.6,63.0,66.0,0.047,1019.9
2809,20190910,79.9,72.0,91.9,0.012,1017.6
2813,20190914,69.6,59.0,81.0,0.0,1021.4
2815,20190916,70.0,64.9,73.0,0.0,1019.6
2817,20190918,72.7,64.0,82.9,0.0,1019.4
2818,20190919,73.6,64.9,82.9,0.0,1018.4
2819,20190920,75.2,68.0,84.0,0.043,1019.3
2824,20190925,71.6,66.9,80.1,0.0,1007.3
2833,20191004,53.1,46.9,57.9,0.0,1028.3
2835,20191006,60.4,51.1,69.1,0.0,1017.8
2836,20191007,59.2,48.9,71.1,0.0,1021.7
2837,20191008,57.7,46.0,71.1,0.0,1022.8
2838,20191009,58.8,46.9,71.1,0.0,1020.9
2841,20191012,46.0,37.0,55.9,0.0,1014.0
2842,20191013,45.0,37.9,51.1,0.0,1011.4
2843,20191014,45.5,37.9,55.0,0.0,1017.7
2846,20191017,47.1,42.1,55.0,0.0,1017.3
2847,20191018,47.8,36.0,60.1,0.0,1017.0
2862,20191102,39.4,37.0,43.0,0.0,1020.4
2865,20191105,36.3,30.0,41.0,0.0,1025.3
2868,20191108,25.9,17.1,33.1,0.0,1031.1
2870,20191110,40.3,35.1,44.1,0.063,1017.1
2872,20191112,13.8,9.0,19.0,0.0,1032.5
2875,20191115,29.5,24.1,39.0,0.0,1028.9
2876,20191116,32.4,24.1,41.0,0.0,1028.7
2878,20191118,37.6,35.1,39.9,0.0,1009.2
2883,20191123,32.9,24.1,41.0,0.0,1011.1
2884,20191124,42.8,33.1,51.1,0.0,1004.6
2886,20191126,40.8,30.9,46.9,0.37,1007.6
2894,20191204,37.9,33.1,44.1,0.0,1006.6
2895,20191205,37.0,25.0,45.0,0.0,1015.9
2896,20191206,35.6,26.1,44.1,0.0,1024.1
2897,20191207,32.2,24.1,37.9,0.0,1027.2
2902,20191212,34.7,18.0,46.0,0.0,1024.4
2903,20191213,39.6,33.1,46.9,0.0,1013.3
2905,20191215,25.0,19.9,28.0,0.0,1019.3
2907,20191217,26.2,19.0,32.0,0.0,1020.1
2908,20191218,18.5,10.9,28.0,0.0,1026.3
2910,20191220,31.3,21.0,42.1,0.0,1030.2
2911,20191221,38.5,30.0,48.9,0.0,1027.1
2912,20191222,43.0,33.1,54.0,0.0,1022.9
2913,20191223,41.7,34.0,51.1,0.0,1018.9
2914,20191224,43.5,32.0,55.0,0.0,1017.1
2915,20191225,48.0,35.1,57.9,0.0,1012.2
2916,20191226,53.8,39.0,63.0,0.0,1014.2
2917,20191227,35.6,28.0,39.0,0.0,1023.9
2922,20200101,32.4,19.9,44.1,0.0,1006.8
2923,20200102,43.7,39.0,48.9,0.0,1002.1
2924,20200103,36.9,34.0,42.1,0.0,1010.0
2927,20200106,35.4,28.0,44.1,0.0,1020.2
2928,20200107,34.3,27.0,42.1,0.0,1016.3
2929,20200108,21.9,16.0,30.0,0.0,1028.1
2937,20200116,21.6,14.0,30.9,0.0,1037.4
2941,20200120,23.5,19.0,32.0,0.0,1036.3
2942,20200121,23.0,14.0,30.0,0.0,1035.1
2943,20200122,30.2,26.1,35.1,0.0,1023.7
2949,20200128,32.4,30.9,34.0,0.0,1019.8
2951,20200130,32.9,30.9,34.0,0.0,1023.3
2954,20200202,43.9,36.0,51.1,0.0,1001.7
2955,20200203,36.7,28.0,44.1,0.0,1008.4
2956,20200204,34.0,30.0,37.9,0.0,1017.4
2960,20200208,32.2,28.9,37.0,0.0,1019.9
2963,20200211,29.8,26.1,34.0,0.0,1020.8
2966,20200214,6.4,-2.9,15.1,0.0,1034.7
2968,20200216,29.5,15.1,39.9,0.0,1020.5
2971,20200219,21.9,16.0,28.9,0.0,1036.2
2972,20200220,16.3,8.1,23.0,0.0,1040.1
2973,20200221,25.7,12.9,37.9,0.0,1033.5
2974,20200222,39.0,28.0,51.1,0.0,1022.5
2975,20200223,43.9,34.0,55.0,0.0,1014.8
2976,20200224,37.8,32.0,42.1,0.0,1013.0
2979,20200227,27.0,21.9,32.0,0.0,1018.5
2980,20200228,23.7,19.0,30.0,0.0,1018.9
2981,20200229,27.5,17.1,37.9,0.0,1022.1
2982,20200301,45.9,28.9,59.0,0.0,1010.3
2983,20200302,41.2,34.0,48.9,0.0,1007.1
2988,20200307,37.8,21.9,53.1,0.0,1031.1
2994,20200313,42.3,35.1,50.0,0.0,1021.0
2996,20200315,35.2,32.0,39.9,0.0,1036.8
2999,20200318,41.0,37.0,45.0,0.134,1021.5
3006,20200325,45.1,30.9,57.9,0.0,1013.5
3013,20200401,42.3,37.9,48.9,0.0,1019.3
3014,20200402,45.0,33.1,57.0,0.0,1021.5
3015,20200403,53.6,44.1,64.9,0.024,1017.8
3017,20200405,40.8,35.1,48.9,0.0,1022.8
3022,20200410,40.6,33.1,50.0,0.0,1016.2
3028,20200416,37.9,27.0,46.0,0.0,1025.1
3030,20200418,47.3,35.1,59.0,0.0,1013.0
3031,20200419,50.0,39.9,60.1,0.0,1009.0
3033,20200421,43.2,36.0,52.0,0.0,1012.3
3038,20200426,50.9,42.1,61.0,0.0,1019.7
3043,20200501,52.5,37.9,64.9,0.0,1016.2
3045,20200503,64.2,48.9,73.0,0.0,1013.1
3046,20200504,43.0,41.0,48.0,0.0,1020.5
3048,20200506,50.9,37.9,62.1,0.0,1018.7
3049,20200507,53.6,45.0,66.0,0.0,1014.5
3050,20200508,40.1,35.1,44.1,0.0,1018.0
3053,20200511,45.0,39.9,51.1,0.0,1022.5
3054,20200512,48.6,37.9,61.0,0.0,1023.0
3055,20200513,54.5,39.0,64.9,0.0,1022.6
3058,20200516,54.7,50.0,61.0,0.0,1019.2
3063,20200521,60.1,55.0,66.9,0.0,1019.7
3066,20200524,74.5,61.0,86.0,0.0,1012.3
3072,20200530,61.7,54.0,72.0,0.0,1021.9
3073,20200531,57.6,51.1,64.0,0.0,1026.9
3075,20200602,82.0,68.0,95.0,0.0,1011.2
3076,20200603,76.1,69.1,87.1,0.114,1009.9
3077,20200604,75.9,66.9,86.0,0.0,1008.1
3078,20200605,78.1,66.9,89.1,0.0,1010.5
3079,20200606,68.2,59.0,73.0,0.0,1017.7
3080,20200607,66.4,57.0,75.9,0.0,1018.7
3081,20200608,75.6,60.1,87.1,0.0,1014.2
3084,20200611,71.8,60.1,82.0,0.0,1016.9
3085,20200612,62.2,54.0,73.9,0.0,1024.6
3087,20200614,60.4,54.0,66.9,0.0,1028.0
3088,20200615,62.6,50.0,72.0,0.0,1028.3
3089,20200616,68.7,53.1,82.0,0.0,1025.8
3090,20200617,73.9,60.1,86.0,0.0,1021.4
3091,20200618,75.9,61.0,88.0,0.0,1017.3
3092,20200619,79.5,66.0,91.9,0.0,1015.6
3097,20200624,70.2,60.1,80.1,0.071,1010.7
3098,20200625,73.4,63.0,84.0,0.0,1013.8
3100,20200627,79.7,69.1,90.0,0.0,1008.7
3101,20200628,77.0,70.0,84.0,0.0,1009.4
3103,20200630,78.4,70.0,87.1,0.0,1012.8
3104,20200701,78.1,71.1,86.0,0.0,1013.3
3105,20200702,78.8,69.1,89.1,0.0,1016.8
3106,20200703,79.3,64.9,90.0,0.0,1017.3
3107,20200704,79.0,71.1,87.1,0.0,1016.4
3108,20200705,81.7,69.1,91.9,0.0,1015.3
3109,20200706,84.2,73.0,93.0,0.0,1015.1
3111,20200708,81.1,73.0,91.0,0.0,1013.3
3116,20200713,73.0,63.0,81.0,0.0,1015.6
3117,20200714,76.6,66.0,84.9,0.0,1016.1
3120,20200717,78.6,66.0,90.0,0.0,1019.0
3121,20200718,83.7,75.0,91.0,0.012,1013.7
3123,20200720,76.6,66.0,87.1,0.0,1015.4
3126,20200723,72.7,66.0,81.0,0.0,1018.8
3127,20200724,74.7,64.9,82.9,0.0,1020.7
3128,20200725,81.1,68.0,91.9,0.0,1018.8
3131,20200728,79.3,68.0,88.0,0.0,1013.5
3133,20200730,75.9,69.1,80.1,0.0,1013.1
3135,20200801,73.2,66.9,80.1,0.0,1012.2
3138,20200804,65.5,57.9,75.0,0.0,1018.2
3139,20200805,68.0,53.1,77.0,0.0,1019.4
3140,20200806,72.1,64.0,80.1,0.0,1019.8
3141,20200807,73.0,60.1,82.9,0.0,1020.7
3142,20200808,78.6,64.9,89.1,0.0,1019.3
3143,20200809,81.7,72.0,93.0,0.425,1016.4
3145,20200811,74.5,66.9,82.0,0.0,1015.1
3146,20200812,73.2,61.0,82.9,0.0,1018.9
3147,20200813,75.4,66.0,84.0,0.0,1019.0
3148,20200814,77.4,66.9,88.0,0.0,1016.3
3150,20200816,73.6,64.0,84.0,0.0,1015.8
3152,20200818,71.8,64.0,78.1,0.0,1017.3
3153,20200819,70.7,59.0,81.0,0.0,1018.7
3154,20200820,75.0,60.1,87.1,0.0,1015.8
3155,20200821,76.6,64.0,87.1,0.0,1013.9
3156,20200822,77.5,64.0,90.0,0.0,1013.4
3158,20200824,82.2,70.0,95.0,0.0,1014.8
3160,20200826,82.9,72.0,93.0,0.0,1014.0
3163,20200829,75.4,66.9,81.0,0.0,1008.2
3164,20200830,69.1,60.1,75.9,0.0,1012.7
3165,20200831,74.3,63.0,84.0,0.0,1009.7
3167,20200902,75.6,64.0,87.1,0.209,1008.8
3168,20200903,74.7,64.0,87.1,0.0,1008.6
3169,20200904,67.8,54.0,79.0,0.0,1018.9
3170,20200905,71.1,62.1,80.1,0.0,1021.8
3172,20200907,72.0,64.9,81.0,0.0,1010.7
3178,20200913,66.4,60.1,75.9,0.043,1018.0
3179,20200914,64.4,55.9,75.0,0.0,1027.0
3180,20200915,67.8,55.9,79.0,0.0,1023.3
3181,20200916,72.0,63.0,84.0,0.0,1016.6
3182,20200917,64.2,55.9,68.0,0.0,1020.7
3183,20200918,57.0,48.9,60.1,0.0,1027.5
3184,20200919,54.0,45.0,64.9,0.0,1028.5
3185,20200920,58.8,45.0,72.0,0.0,1029.4
3186,20200921,61.3,48.0,75.0,0.0,1027.5
3187,20200922,64.8,51.1,80.1,0.0,1021.7
3188,20200923,67.6,54.0,79.0,0.0,1017.1
3189,20200924,67.3,54.0,79.0,0.0,1013.9
3190,20200925,69.4,55.9,80.1,0.0,1013.6
3191,20200926,70.9,64.9,78.1,0.0,1007.9
3197,20201002,48.4,42.1,55.9,0.0,1022.3
3200,20201005,50.4,34.0,64.0,0.0,1021.6
3201,20201006,62.6,52.0,75.9,0.0,1012.2
3202,20201007,65.3,51.1,75.0,0.0,1012.5
3203,20201008,55.8,45.0,68.0,0.0,1021.1
3204,20201009,65.7,46.9,82.0,0.0,1014.0
3205,20201010,65.7,57.0,75.9,0.0,1012.5
3206,20201011,61.3,55.9,66.0,0.0,1014.6
3208,20201013,57.4,41.0,73.0,0.0,1016.2
3209,20201014,61.0,43.0,78.1,0.0,1009.0
3210,20201015,53.6,44.1,64.9,0.0,1012.2
3215,20201020,45.5,39.0,51.1,0.146,1022.1
3219,20201024,39.6,33.1,46.9,0.0,1025.5
3220,20201025,42.1,37.9,46.9,0.0,1023.5
3223,20201028,41.2,32.0,51.1,0.0,1017.6
3225,20201030,35.4,28.9,44.1,0.0,1025.5
3226,20201031,44.2,27.0,59.0,0.0,1021.2
3227,20201101,40.1,30.9,55.9,0.0,1020.7
3228,20201102,39.9,28.9,52.0,0.0,1024.6
3229,20201103,53.2,34.0,70.0,0.0,1018.3
3232,20201106,59.9,46.0,73.9,0.0,1021.0
3233,20201107,61.0,54.0,72.0,0.0,1020.8
3234,20201108,63.5,50.0,75.0,0.0,1021.8
3235,20201109,69.4,62.1,75.0,0.0,1017.0
3237,20201111,40.1,36.0,46.0,0.0,1017.2
3242,20201116,38.5,30.9,46.9,0.0,1018.0
3244,20201118,43.3,30.0,52.0,0.0,1028.2
3245,20201119,57.2,48.0,66.0,0.0,1015.0
3246,20201120,54.7,45.0,61.0,0.0,1024.0
3247,20201121,40.5,35.1,46.0,0.0,1033.3
3248,20201122,44.2,42.1,48.0,0.0,1023.9
3249,20201123,39.0,33.1,46.0,0.0,1026.1
3253,20201127,41.5,34.0,46.0,0.0,1019.5
3254,20201128,39.9,27.0,50.0,0.0,1020.2
3255,20201129,42.6,37.9,50.0,0.0,1015.2
3257,20201201,29.7,26.1,35.1,0.0,1019.3
3258,20201202,36.0,25.0,50.0,0.0,1026.1
3259,20201203,36.7,28.9,45.0,0.0,1020.0
3260,20201204,37.2,30.0,46.9,0.0,1014.6
3261,20201205,33.4,27.0,41.0,0.0,1021.4
3263,20201207,35.8,34.0,37.0,0.0,1018.3
3264,20201208,34.7,33.1,36.0,0.0,1017.3
3265,20201209,40.6,32.0,53.1,0.0,1012.3
3266,20201210,40.3,27.0,57.0,0.0,1015.1
3269,20201213,30.6,25.0,37.0,0.0,1020.9
3270,20201214,28.4,21.9,32.0,0.0,1024.4
3271,20201215,26.4,19.0,33.1,0.0,1027.9
3274,20201218,30.2,21.0,37.0,0.0,1025.0
3275,20201219,39.9,36.0,44.1,0.0,1016.1
3276,20201220,36.7,32.0,42.1,0.0,1011.9
3278,20201222,38.1,33.1,41.0,0.0,1019.2
3281,20201225,16.2,9.0,21.9,0.0,1014.5
3284,20201228,30.0,21.9,35.1,0.0,1024.9
3286,20201230,32.0,27.0,36.0,0.291,1014.2
